order_id,shipping_date,sales,orderday
ORD03175,2023-06-08,,Friday
ORD03508,2023-03-12,5758.92,
ORD00861,,4730.04,
ORD01295,,6615.78,Saturday
ORD01131,2023-10-25,1781.88,Tuesday
ORD01096,2023-02-05,3479.05,
ORD03773,2023-03-25,8520.69,Sunday
ORD03093,2023-09-20,2597.89,Sunday
ORD01639,2023-11-06,2282.42,Wednesday
ORD02170,2023-06-21,597.41,Saturday
ORD00467,2023-06-22,2779.38,Saturday
ORD01239,2023-12-28,8017.86,
ORD00331,2023-02-16,6671.86,Monday
ORD01483,2023-05-21,6522.78,Tuesday
ORD02136,2023-04-28,9322.39,Thursday
ORD03445,2023-10-04,1291.84,Thursday
ORD03172,2023-08-02,9656.5,Monday
ORD02920,2023-08-08,1647.54,Wednesday
ORD03736,2023-01-26,163.15,Thursday
ORD00131,,3809.75,
ORD01686,2023-09-28,6857.07,Thursday
,2023-01-10,2789.17,Sunday
,2023-05-01,4155.76,Sunday
ORD02392,2023-05-05,299.36,Friday
ORD01516,2023-06-19,2445.64,Tuesday
ORD03486,2023-03-13,5812.12,Wednesday
ORD02854,2023-06-01,6755.28,Saturday
ORD02434,2023-07-27,9420.59,Tuesday
ORD01216,2023-02-18,9637.27,Wednesday
ORD00956,2023-06-03,942.06,Thursday
ORD02325,2023-12-13,8407.55,Friday
,2023-10-20,8526.39,Tuesday
,,4976.1,Thursday
ORD03386,2023-02-19,7563.29,Wednesday
ORD00022,2023-06-01,4019.78,Tuesday
ORD02301,2023-01-19,9298.53,Saturday
ORD00748,2023-04-10,9391.44,Tuesday
,2023-03-01,6175.02,Thursday
ORD03633,2023-06-16,1438.65,
ORD00475,2023-07-21,5189.54,
ORD01083,,2877.95,Tuesday
ORD02559,2023-05-26,3840.61,Saturday
ORD03754,2023-06-13,3369.82,Friday
ORD02048,2023-08-30,6083.16,Friday
ORD03548,,6924.17,
ORD02748,2023-06-24,8043.72,Thursday
ORD00976,2023-02-18,4171.91,Wednesday
ORD01807,,4353.77,Thursday
ORD00190,2023-08-14,1403.7,Friday
ORD03006,2023-06-10,4080.07,Monday
ORD02735,2023-04-29,3979.91,Monday
ORD03006,2023-05-29,689.91,Tuesday
ORD00563,2023-05-30,1394.1,Saturday
ORD01900,,4012.04,
ORD03639,2023-05-23,7341.71,Sunday
,2023-06-09,2904.52,Sunday
ORD02880,,6737.3,Sunday
ORD01529,2023-05-18,8755.64,Tuesday
ORD03203,2023-03-19,5147.55,Monday
ORD03557,,4837.06,Friday
ORD03891,,6671.86,Tuesday
ORD00647,2023-09-15,7563.29,Sunday
ORD02069,2023-11-16,8262.27,Sunday
ORD02889,2023-10-18,607.81,
ORD02215,2023-09-20,6721.88,Thursday
ORD01298,2023-03-26,6829.0,Sunday
ORD02436,,3486.87,Saturday
ORD00601,2023-11-19,8192.34,Sunday
ORD02364,2023-02-11,942.06,Thursday
ORD02062,2023-05-05,3383.01,Sunday
ORD00242,2023-06-16,7314.9,Saturday
ORD02042,2023-08-29,3996.2,Friday
,2023-10-07,5281.67,Tuesday
ORD03418,2023-07-07,3222.1,Saturday
ORD02613,,9351.98,Thursday
ORD02946,,664.57,Tuesday
ORD01364,2023-03-09,1204.77,Tuesday
ORD02140,2023-08-06,6921.97,Thursday
ORD01391,2023-04-12,3674.64,
,2023-02-11,4037.08,Monday
ORD01479,2023-10-15,4332.12,Sunday
ORD03500,2023-06-16,6615.78,Saturday
,2023-04-19,8872.25,Thursday
ORD00776,2023-02-05,8628.04,Friday
ORD00035,2023-08-20,1239.95,Wednesday
ORD02254,2023-08-17,6445.56,Thursday
ORD03153,2023-12-19,6941.45,Sunday
ORD01956,,3207.39,Sunday
ORD01586,2023-03-14,1697.54,Tuesday
ORD03944,2023-05-16,9977.72,Tuesday
ORD03460,2023-12-19,3029.73,Thursday
ORD03074,2023-03-11,4212.89,Wednesday
ORD01022,2023-07-15,1342.31,
ORD03462,,334.71,Thursday
ORD02614,2023-02-18,9192.14,Wednesday
ORD01130,,4053.39,
ORD03844,2023-05-10,7894.98,Wednesday
ORD03894,2023-01-05,9089.38,Sunday
ORD01501,2023-01-27,4693.42,Sunday
,2023-06-09,5568.42,Sunday
ORD02450,2023-05-29,4112.72,Friday
ORD02778,,6265.26,Sunday
,2023-08-18,337.07,Saturday
ORD00162,2023-07-19,4321.34,Tuesday
ORD00202,2023-02-19,5533.84,Tuesday
ORD01982,2023-03-08,9807.63,Wednesday
ORD00996,2023-10-27,765.62,Tuesday
ORD02318,2023-02-27,9977.72,Monday
ORD03935,2023-09-16,4331.92,
ORD00816,2023-12-08,1432.31,Wednesday
ORD03343,2023-11-22,5813.46,Tuesday
ORD00456,2023-05-10,2095.13,Monday
ORD03534,2023-08-03,3459.12,
ORD03799,2023-06-21,1973.04,Friday
ORD01276,,7079.9,Tuesday
ORD01017,2023-04-12,8191.32,Monday
ORD03774,2023-07-28,1711.63,Thursday
ORD02344,2023-10-18,5211.2,Saturday
ORD03797,,599.13,Thursday
ORD02768,2023-10-13,5827.08,Monday
ORD03821,2023-04-26,5978.43,Wednesday
ORD00338,2023-09-21,4074.47,Sunday
,,2169.69,Sunday
ORD01077,,4080.07,Sunday
ORD00792,2023-02-05,606.39,
ORD03994,,1717.33,Wednesday
ORD02265,2023-10-14,693.44,
ORD00764,2023-10-30,2282.83,Tuesday
ORD02236,2023-11-07,7982.81,Sunday
,,9904.29,Thursday
ORD00493,2023-04-16,5595.82,Wednesday
ORD03113,2023-06-07,9550.2,Wednesday
ORD01181,2023-05-01,8073.78,Sunday
ORD02063,2023-02-24,6980.04,Thursday
ORD03885,2023-01-12,5622.95,Friday
ORD00065,2023-05-25,1686.23,Wednesday
ORD03929,,6475.17,Sunday
ORD03911,2023-01-03,2660.06,Saturday
ORD02569,,3656.17,Monday
ORD01368,2023-01-30,2409.99,
ORD01153,2023-08-25,488.77,Tuesday
,2023-10-06,6192.67,Wednesday
ORD02696,2023-12-14,8155.86,Saturday
ORD01496,2023-04-25,7036.05,Saturday
ORD03135,2023-04-14,1044.07,Wednesday
ORD01163,2023-04-28,8586.59,Friday
ORD01523,2023-01-05,4639.33,Monday
,2023-12-26,1927.86,Tuesday
ORD00392,2023-09-05,4496.63,Wednesday
ORD01699,2023-12-30,4249.91,
ORD00419,2023-11-17,765.62,Tuesday
ORD02337,2023-05-01,8073.76,Thursday
,2023-10-13,8029.71,Saturday
ORD01797,2023-05-29,8192.34,Saturday
ORD03562,2023-03-25,932.86,Wednesday
ORD02279,2023-08-19,8222.83,Wednesday
ORD03066,2023-10-15,4483.7,
ORD02089,2023-06-10,9638.45,Thursday
ORD03100,2023-09-29,3573.11,Friday
ORD02183,,3991.73,Wednesday
ORD00201,2023-08-14,3069.43,Saturday
ORD01864,2023-05-22,4978.91,Tuesday
ORD00780,2023-10-19,2660.06,Monday
ORD02978,,6390.6,Sunday
ORD03105,2023-04-24,1929.9,Tuesday
ORD03120,2023-08-25,4019.78,Friday
ORD00503,2023-03-07,5543.7,Monday
ORD02455,2023-12-27,9012.61,Tuesday
,2023-12-07,5244.16,Tuesday
,,3611.81,Thursday
ORD00805,2023-09-06,5228.97,Sunday
ORD02147,2023-11-27,3133.51,
ORD02732,2023-11-19,2257.12,Friday
ORD01896,2023-06-29,3187.61,Saturday
ORD02774,2023-07-09,5568.42,Thursday
ORD01571,2023-06-03,7273.52,Monday
,2023-07-15,375.74,Sunday
ORD03811,2023-11-07,3859.54,Saturday
ORD02661,,9583.66,Thursday
ORD01486,2023-05-23,8043.72,Sunday
ORD02691,2023-12-08,3505.18,
,,6335.22,Friday
,2023-04-11,3871.81,Wednesday
,2023-09-01,2391.6,
ORD00503,2023-01-12,7176.06,Wednesday
ORD02815,2023-08-27,693.44,Monday
ORD00398,2023-02-18,3355.34,Wednesday
ORD00871,,7563.29,Thursday
,2023-06-15,498.83,Monday
ORD00393,,9767.95,Saturday
ORD00207,2023-10-18,423.32,
,2023-06-07,9580.55,
ORD01882,2023-08-04,1485.88,Friday
ORD03626,2023-06-07,9571.53,Monday
ORD02940,2023-05-14,4353.77,Saturday
ORD01485,2023-03-08,7448.49,
ORD03763,2023-12-02,4474.15,Monday
ORD03647,2023-01-07,7376.75,Tuesday
ORD00864,2023-01-14,1589.68,Tuesday
ORD02791,2023-03-14,3153.84,Monday
ORD03313,2023-06-12,9700.26,
ORD00564,2023-03-07,3447.04,Sunday
,2023-12-13,820.08,Wednesday
ORD00096,2023-05-10,8697.25,Tuesday
ORD01924,2023-07-25,4019.78,Sunday
ORD01758,,111.01,Sunday
ORD02533,2023-09-13,3948.39,Friday
ORD03479,2023-09-23,6166.68,Saturday
ORD02279,2023-01-25,1014.37,Thursday
ORD02797,2023-10-08,3630.3,Tuesday
ORD01679,2023-09-10,4242.06,Monday
ORD03243,2023-11-06,7188.89,Wednesday
ORD00541,2023-10-16,5228.97,Thursday
ORD01060,2023-06-13,6756.6,Saturday
ORD02573,2023-04-05,6951.3,Sunday
ORD01184,2023-09-27,4165.76,Saturday
ORD03911,2023-11-17,6373.74,
ORD01723,,2927.7,Tuesday
ORD03315,2023-12-02,4086.77,Saturday
ORD03158,2023-11-06,6033.66,Saturday
ORD01820,2023-08-26,7368.1,Wednesday
ORD02626,2023-01-25,164.0,
ORD02730,2023-05-21,4254.31,
ORD02605,,3386.52,Sunday
ORD01598,,6090.39,Wednesday
,2023-03-20,7865.61,Wednesday
ORD02694,2023-03-09,5551.57,Monday
ORD00796,2023-06-22,4693.42,Saturday
ORD01052,2023-01-12,8741.31,Saturday
ORD01644,2023-10-15,1403.7,
ORD03628,2023-05-08,3310.86,Saturday
ORD01364,2023-04-06,3190.68,Friday
ORD03870,2023-04-02,4249.08,Wednesday
ORD01982,2023-05-21,3787.84,Thursday
ORD01355,2023-01-31,9583.66,
ORD01664,2023-11-30,4369.89,Tuesday
ORD01530,2023-01-20,7405.71,
,2023-05-26,1947.74,Sunday
ORD03420,2023-11-12,6231.96,Thursday
ORD01497,2023-06-09,7368.1,Sunday
,2023-12-15,3383.01,Monday
ORD02238,2023-02-12,7594.78,Monday
ORD03297,2023-09-11,3197.9,Sunday
ORD01409,2023-05-10,2685.51,Saturday
ORD01401,2023-03-01,2282.83,Thursday
ORD01307,2023-05-31,3458.48,Saturday
ORD02681,2023-10-14,3612.84,
ORD02676,2023-01-05,6522.78,Friday
ORD00973,2023-09-23,9122.26,Monday
ORD01769,2023-12-11,264.27,Monday
,2023-05-10,8743.13,Thursday
ORD03431,2023-09-24,7329.47,Monday
ORD00710,2023-06-27,1518.49,Friday
ORD01480,2023-09-10,1899.61,Friday
ORD01435,2023-02-25,1134.1,Friday
ORD00649,2023-03-24,5982.99,Tuesday
ORD00318,2023-04-09,9580.55,Friday
ORD03749,2023-05-29,2265.27,Friday
ORD03297,2023-11-25,2414.03,Tuesday
ORD03891,2023-06-05,9410.99,Saturday
ORD01258,2023-07-09,8586.59,
ORD00684,2023-09-20,1342.94,Wednesday
ORD00664,2023-03-21,8253.17,Monday
ORD01999,2023-09-09,9033.89,Friday
ORD03899,,2182.15,Monday
ORD03446,2023-09-17,3420.18,Thursday
,2023-09-17,3335.27,Monday
ORD01632,,6265.26,Sunday
ORD01496,2023-02-09,1441.05,Saturday
ORD03305,2023-09-30,497.37,
ORD03764,2023-04-11,2792.35,Tuesday
ORD01137,2023-12-25,7079.9,Monday
ORD01854,2023-11-04,4190.41,Monday
ORD01521,2023-08-09,1254.17,Monday
ORD02490,2023-11-04,375.74,Wednesday
ORD00564,2023-05-04,1686.23,Wednesday
ORD01292,,1552.28,Thursday
ORD03582,2023-06-27,6445.56,Tuesday
ORD03879,2023-03-04,237.24,Monday
ORD03458,,7624.05,Monday
,2023-07-10,4715.2,Monday
ORD03185,2023-03-03,2764.7,Monday
,2023-09-13,1432.31,Wednesday
ORD03697,2023-01-07,9965.61,Saturday
ORD03000,2023-06-04,7356.7,Saturday
ORD03153,2023-04-02,1622.46,Thursday
ORD00699,2023-01-14,6663.97,Sunday
ORD02161,2023-08-17,5798.37,Friday
ORD00002,2023-03-27,1005.08,Tuesday
ORD00642,2023-05-13,7314.9,Saturday
ORD02268,,1926.14,Sunday
ORD01590,2023-03-03,5094.11,
ORD00855,2023-08-07,8340.4,
ORD01760,2023-09-03,9344.12,Monday
ORD03297,2023-08-18,6663.97,
ORD02433,2023-03-20,5614.7,Saturday
ORD03475,2023-05-29,3408.51,Thursday
ORD01662,2023-05-18,9567.29,Friday
ORD01154,2023-11-10,5827.08,Saturday
ORD01077,2023-03-06,100.3,Thursday
ORD01708,2023-01-13,9334.25,
ORD02778,2023-08-01,3499.53,Wednesday
ORD01696,2023-08-30,6264.63,Friday
ORD01734,2023-08-01,2241.69,Thursday
ORD01440,2023-06-30,2916.96,Sunday
ORD02295,2023-12-04,337.07,Saturday
ORD00836,2023-06-22,2597.92,Wednesday
ORD03511,2023-06-09,3787.84,Sunday
ORD00203,,9550.2,Thursday
ORD03256,2023-07-07,9353.83,Thursday
ORD00123,,5281.67,
ORD00401,2023-11-04,3871.81,Sunday
ORD00767,2023-09-13,6265.26,Saturday
ORD00294,2023-07-02,6721.88,Friday
,2023-04-27,5758.92,Wednesday
ORD03909,2023-10-09,6229.81,
ORD02932,2023-07-15,9350.89,Monday
ORD03682,2023-02-03,2764.7,Tuesday
ORD00198,2023-02-21,4200.0,Friday
ORD03030,2023-04-22,1044.07,
ORD01931,2023-09-09,4395.05,Wednesday
ORD03583,2023-03-23,7372.62,Sunday
ORD02800,2023-08-20,3689.34,Thursday
ORD02192,2023-08-15,3618.85,Sunday
ORD00609,2023-08-21,5052.76,
ORD03273,2023-08-09,3613.49,Wednesday
,2023-02-11,9696.29,Sunday
ORD00187,2023-01-21,2882.39,Sunday
ORD03398,2023-02-11,1044.07,Tuesday
ORD02512,2023-04-23,708.32,Saturday
ORD03421,2023-04-15,4113.69,
ORD01795,2023-07-11,5062.63,Tuesday
ORD00660,2023-01-17,4545.48,
ORD02812,2023-04-30,9295.71,Monday
ORD03003,2023-05-09,8029.71,Monday
ORD01956,2023-05-10,9053.16,Tuesday
ORD02451,2023-03-01,9192.14,Friday
ORD01370,2023-02-17,9414.71,Friday
,2023-01-29,1418.5,Sunday
ORD01535,2023-04-07,622.38,Sunday
ORD00147,2023-01-10,5531.03,Thursday
ORD03220,2023-08-30,2543.88,Monday
ORD02912,2023-11-10,1697.54,
ORD01735,2023-08-20,1275.22,Thursday
ORD01844,2023-10-04,907.83,Monday
,2023-10-11,859.9,Tuesday
ORD02977,2023-07-22,5193.17,Friday
ORD01960,2023-09-04,881.5,Sunday
ORD01664,,5551.57,Friday
ORD02599,2023-09-21,4013.07,Tuesday
ORD02386,2023-08-02,7604.6,Thursday
,2023-07-19,2943.49,Thursday
ORD00641,2023-03-20,9476.9,Wednesday
,2023-12-09,1927.86,Sunday
ORD02521,,1792.27,Sunday
ORD01970,2023-06-22,6229.81,
ORD02199,2023-03-10,8484.18,Sunday
ORD01439,2023-03-28,3004.2,Monday
ORD03370,2023-04-11,9350.89,Thursday
ORD01635,2023-01-08,7372.62,Tuesday
,2023-11-29,8496.28,Thursday
ORD01788,,9298.53,Friday
ORD02192,2023-03-28,8061.24,Monday
ORD02394,2023-02-12,1927.86,Sunday
ORD00624,2023-04-19,1459.27,
ORD01017,2023-06-01,5459.61,
ORD03644,2023-01-17,1710.34,
ORD00881,2023-05-13,3711.74,Saturday
ORD02050,2023-05-28,5281.67,Wednesday
ORD02945,2023-10-04,5614.7,Monday
ORD01328,2023-08-20,1696.07,Friday
ORD02302,2023-11-10,1711.63,Sunday
ORD03724,,7824.11,Friday
ORD00453,2023-08-16,9807.63,Friday
ORD03109,2023-05-19,3711.74,Sunday
ORD01184,2023-07-30,8006.69,Friday
ORD03063,2023-01-28,8155.86,
ORD02057,2023-02-20,337.07,Tuesday
ORD03305,2023-09-18,3611.81,Wednesday
ORD03171,2023-09-18,4020.41,Saturday
ORD01683,2023-12-16,5448.76,Friday
ORD02864,2023-12-18,5106.4,Friday
ORD02256,2023-01-08,607.81,Thursday
ORD01155,,6947.39,Wednesday
ORD00404,2023-05-18,6178.31,Monday
ORD02200,2023-02-07,5897.08,Wednesday
ORD02102,2023-04-21,7563.29,Wednesday
,2023-08-08,7050.86,Sunday
ORD01697,2023-12-03,5550.26,Sunday
ORD03992,2023-08-11,5982.99,Sunday
ORD00628,2023-05-16,4837.06,Saturday
,2023-09-13,8155.86,
ORD01649,2023-12-26,8425.0,Wednesday
,2023-11-25,4481.52,Saturday
ORD01446,,6755.28,Friday
ORD00104,2023-10-19,7586.91,Sunday
ORD03924,,8748.82,Friday
ORD00254,2023-03-19,7123.44,Sunday
ORD03299,2023-04-15,5294.88,Tuesday
ORD03184,2023-06-18,6651.01,Saturday
ORD02558,2023-08-05,5108.72,Saturday
ORD01497,2023-04-29,3243.74,
ORD00099,2023-07-09,8809.55,Monday
ORD02201,2023-09-12,4074.47,Thursday
ORD01885,2023-09-23,5147.55,Wednesday
,2023-05-29,3650.35,Monday
ORD01920,2023-06-13,1291.84,Saturday
ORD00878,,6870.28,Monday
ORD00338,,8437.44,Tuesday
ORD03778,2023-09-15,8143.49,Thursday
ORD02870,2023-09-26,5361.4,
ORD03235,2023-06-30,4545.48,Saturday
ORD03792,2023-06-09,7586.91,Saturday
ORD00957,,8857.41,Wednesday
ORD01705,2023-10-15,9349.61,
ORD00161,2023-10-15,8162.43,
ORD01604,,1356.75,Sunday
ORD02849,2023-01-11,4165.76,Thursday
ORD00398,2023-01-10,1134.1,Tuesday
ORD01301,2023-09-28,3237.73,Friday
ORD00816,2023-09-30,6615.78,Monday
ORD03988,2023-07-02,1927.86,
,2023-06-02,5065.03,Wednesday
ORD01920,2023-11-11,8731.94,Saturday
ORD01416,2023-11-30,4234.9,Friday
ORD01159,2023-05-04,578.79,Tuesday
ORD01219,2023-04-24,5978.43,Thursday
ORD00401,2023-10-05,8601.11,
ORD00640,2023-08-01,4884.61,Monday
ORD03105,2023-06-21,3187.61,
ORD02736,2023-10-15,5106.4,Wednesday
ORD00460,2023-06-23,5489.01,
ORD00955,,5294.88,
ORD03955,2023-05-02,1370.43,
ORD00470,2023-02-01,9122.26,Saturday
ORD03447,2023-08-10,318.45,Saturday
ORD01046,2023-04-29,3991.73,Friday
ORD02798,2023-02-08,714.21,Friday
ORD01694,2023-09-25,6980.04,Monday
ORD02086,2023-08-21,3630.3,Thursday
ORD02278,2023-01-18,9714.39,Tuesday
ORD03437,2023-05-29,8526.39,Sunday
ORD00563,,4321.34,Thursday
ORD02486,2023-05-06,9807.63,Thursday
ORD01800,2023-10-29,4384.44,Thursday
ORD03355,2023-12-26,8365.98,Sunday
ORD02075,2023-08-26,7356.7,Monday
ORD00226,2023-05-15,4091.76,Sunday
ORD03349,2023-05-31,7273.52,Monday
,2023-08-24,9391.44,Sunday
ORD03681,2023-08-12,1239.95,Tuesday
ORD02332,2023-07-22,514.96,
ORD02927,2023-09-13,1829.01,Thursday
ORD00960,2023-03-27,7335.62,
ORD01505,2023-05-30,9874.63,Monday
ORD00453,2023-08-23,9656.5,Sunday
ORD03068,,7445.58,Tuesday
ORD03901,2023-01-22,4807.21,Sunday
ORD00816,2023-12-14,5165.9,
ORD00659,2023-10-12,5065.03,Saturday
ORD03588,,354.33,Tuesday
ORD00547,2023-09-15,1286.92,Thursday
ORD01216,2023-01-29,3102.53,Wednesday
ORD03121,2023-08-01,1396.64,Thursday
ORD03584,2023-10-10,8227.71,Wednesday
ORD00017,2023-02-19,938.41,Tuesday
ORD03244,2023-04-05,6153.49,Saturday
ORD01244,2023-03-29,8509.52,
,2023-02-13,1623.61,Saturday
ORD02525,2023-10-05,7496.07,Monday
,2023-06-20,8261.07,Saturday
ORD03445,2023-07-08,8994.03,Friday
ORD02566,2023-12-19,8155.86,Tuesday
ORD02147,2023-07-03,7248.45,
ORD03964,2023-01-03,582.08,
ORD01769,2023-07-10,6335.22,Monday
ORD01061,2023-04-28,2180.06,
ORD02328,2023-01-19,9807.63,Saturday
ORD03421,2023-01-23,3979.91,Tuesday
ORD02545,2023-01-30,6721.88,Thursday
ORD00302,,5543.7,Saturday
ORD00181,2023-04-18,1403.7,Sunday
ORD00607,2023-10-08,8303.66,Wednesday
ORD03171,2023-05-08,6140.07,Tuesday
ORD00700,2023-08-17,3410.57,
ORD00993,2023-04-21,6265.26,Monday
ORD01140,2023-05-16,8227.71,Thursday
ORD00191,2023-12-28,3642.33,Friday
ORD02301,,1647.54,Thursday
ORD00981,2023-05-24,6941.45,Saturday
ORD02976,2023-03-13,4873.11,Wednesday
ORD02007,2023-05-09,1179.23,Thursday
ORD01185,2023-12-30,5165.9,Friday
ORD03328,2023-09-18,5762.76,Sunday
,2023-01-03,5848.39,Monday
ORD00128,2023-04-14,7604.6,Tuesday
ORD02066,2023-08-12,5457.03,Wednesday
ORD01817,2023-11-16,6947.39,Friday
ORD01759,2023-12-28,4633.5,
ORD02614,2023-12-20,9353.83,Saturday
ORD00570,2023-01-10,4322.35,Saturday
ORD01347,,2466.76,Saturday
ORD01896,2023-08-19,2304.49,
ORD02734,2023-08-07,2414.03,
ORD03864,2023-03-07,227.68,Wednesday
ORD00626,2023-04-22,5703.58,Thursday
ORD03360,2023-01-13,1286.92,Wednesday
,2023-03-27,511.63,Saturday
ORD01687,2023-08-22,8192.34,Sunday
ORD03010,2023-03-31,6964.88,Friday
ORD03711,2023-11-10,4522.47,Tuesday
ORD00155,2023-02-23,1204.77,Tuesday
ORD02538,,4837.43,Wednesday
ORD01410,,3656.17,Saturday
ORD00785,2023-01-14,9465.11,
ORD03176,2023-05-01,765.62,Monday
ORD03465,,4006.27,Sunday
,2023-03-16,2604.96,Wednesday
ORD00246,2023-08-31,9885.37,Saturday
ORD03248,2023-08-11,6528.85,Thursday
ORD03111,,6924.17,Tuesday
ORD01501,2023-11-08,6001.21,Tuesday
ORD01706,2023-07-30,3978.25,Sunday
ORD02807,,9904.29,Tuesday
ORD00538,2023-07-05,1148.16,Monday
ORD01891,2023-05-12,7563.29,Saturday
ORD01842,2023-04-21,2603.3,Saturday
,2023-05-12,2324.11,Sunday
ORD02456,,2597.92,Saturday
ORD00525,2023-01-24,8380.78,
ORD02876,2023-08-15,5189.54,Sunday
ORD01530,2023-06-03,7559.37,Saturday
ORD02951,2023-10-20,8976.09,Monday
ORD03897,2023-08-18,1909.85,Friday
ORD00036,2023-11-06,2916.96,Wednesday
ORD00685,2023-12-25,1070.28,Wednesday
ORD00020,2023-07-21,6178.31,Saturday
ORD02369,2023-02-07,6178.31,Thursday
ORD03848,2023-09-17,3595.72,Tuesday
ORD02560,2023-07-07,9100.84,Monday
ORD00400,2023-02-26,4837.43,Thursday
ORD02702,2023-01-20,4006.27,
ORD00972,2023-09-30,5610.13,Thursday
ORD01907,2023-04-29,4200.0,Saturday
ORD02519,,2225.49,Monday
ORD01167,2023-01-04,5811.12,Wednesday
ORD01116,2023-08-09,4807.21,Tuesday
ORD03426,2023-01-14,8808.05,Wednesday
ORD00834,2023-01-03,1890.83,Thursday
ORD01824,2023-08-04,6265.26,
ORD02775,2023-08-17,6749.92,Tuesday
ORD01983,2023-12-02,1292.43,Friday
ORD00854,2023-07-05,9332.29,Thursday
ORD00051,2023-02-24,6090.39,Wednesday
ORD03737,2023-09-11,2685.51,Wednesday
ORD03770,2023-01-24,7575.82,Saturday
,2023-06-11,5595.82,Wednesday
ORD03262,2023-06-07,2888.0,Monday
ORD01149,2023-03-23,3711.74,Thursday
ORD02198,2023-06-08,9510.27,Sunday
ORD02362,2023-07-07,6450.89,Sunday
ORD02618,2023-03-01,3928.4,
ORD03414,,498.55,Tuesday
ORD02353,2023-11-15,9139.11,Wednesday
ORD01716,,4063.1,Saturday
ORD00682,2023-07-30,8049.82,Saturday
ORD00838,2023-06-01,820.08,Wednesday
ORD03855,2023-04-19,8860.07,Monday
ORD01078,2023-03-17,3989.66,Saturday
ORD03051,2023-01-30,9139.11,Sunday
ORD02492,2023-11-10,6781.44,Tuesday
ORD02661,2023-04-27,9793.6,Thursday
ORD03041,,7176.06,Friday
ORD02312,,4770.22,Monday
ORD03125,2023-01-19,5682.54,
,2023-06-22,1275.22,
ORD03052,2023-08-16,3146.93,Saturday
ORD03692,2023-12-16,354.33,Thursday
ORD00005,2023-07-02,355.12,Friday
ORD01127,2023-04-23,5709.39,
ORD01220,2023-07-02,9012.61,Wednesday
ORD00774,2023-05-26,9837.32,Wednesday
ORD00877,2023-11-15,4321.34,Tuesday
ORD00992,2023-04-26,8353.08,Friday
ORD02932,2023-04-23,3656.17,Wednesday
ORD03422,,1124.0,
,2023-09-08,323.39,Wednesday
ORD02915,2023-10-30,7414.78,Sunday
ORD02871,,6781.44,Saturday
ORD02984,2023-04-28,3540.44,
ORD03892,2023-10-28,4476.86,
ORD02704,2023-06-10,1589.68,
ORD00269,2023-07-17,6806.64,Tuesday
ORD00370,2023-09-17,607.81,Thursday
ORD00636,2023-05-28,9079.72,
ORD01130,2023-08-28,9510.27,Wednesday
ORD01694,2023-02-16,8857.41,Sunday
ORD01683,2023-07-17,607.81,
ORD00657,2023-02-16,4091.76,Monday
ORD00120,,3573.11,Monday
ORD00831,2023-05-04,2916.96,Thursday
ORD01811,2023-03-16,4055.24,Friday
ORD03676,2023-12-25,5782.1,Tuesday
ORD01082,,5703.58,Sunday
,2023-03-31,307.25,Saturday
ORD01370,2023-11-21,1552.28,Sunday
ORD00741,2023-03-02,4706.84,Monday
ORD03546,2023-05-18,1014.37,Monday
ORD00117,2023-02-19,3222.1,Thursday
,2023-09-16,3103.52,Friday
ORD02839,2023-04-17,1518.49,Friday
ORD01151,2023-04-23,5365.53,Thursday
ORD03465,2023-12-16,497.37,
ORD01932,2023-09-11,3978.25,Sunday
ORD01013,2023-04-28,264.27,Monday
ORD01665,2023-07-17,3146.93,Sunday
ORD01082,2023-12-03,5722.95,Sunday
ORD00634,2023-12-31,536.25,Tuesday
ORD00513,2023-02-20,8218.67,Monday
ORD03823,2023-09-02,6749.92,Friday
ORD02850,2023-02-04,8755.64,Saturday
ORD01120,2023-10-29,9696.29,Sunday
ORD03710,2023-03-10,582.08,Monday
ORD01142,2023-12-15,8873.1,Sunday
,2023-11-16,9410.99,Tuesday
ORD03673,2023-02-18,1511.31,
ORD00488,2023-03-15,8989.85,Wednesday
ORD03309,2023-07-11,5848.39,Monday
,2023-09-18,7682.0,Thursday
,,4889.65,Wednesday
ORD03344,2023-03-11,1765.96,Sunday
ORD01213,2023-03-31,6487.66,Thursday
ORD00704,2023-09-17,7688.62,Thursday
,2023-05-06,6874.71,Thursday
ORD00581,2023-08-19,9180.95,Monday
ORD02838,2023-10-22,6668.88,Friday
ORD02909,2023-05-09,7563.29,Sunday
ORD02295,2023-10-07,1148.16,Wednesday
ORD03148,2023-11-09,4258.11,Tuesday
ORD00154,,3410.57,Friday
ORD01680,2023-11-22,9785.71,Sunday
ORD03507,2023-10-24,5874.2,
ORD00997,2023-07-01,5820.29,
ORD03158,2023-06-23,9807.63,Monday
ORD02745,,6615.21,Thursday
ORD03357,2023-12-30,5509.94,Tuesday
ORD01244,2023-07-07,5758.92,Sunday
ORD01093,2023-02-26,5031.49,Wednesday
ORD03119,2023-01-31,9324.23,Sunday
ORD01009,,4808.4,Friday
ORD02142,,6629.11,
ORD01774,2023-02-05,1671.49,Saturday
ORD00958,2023-08-01,8075.92,Friday
ORD03060,2023-12-30,9874.63,Sunday
ORD00453,2023-04-16,9550.2,Tuesday
ORD01228,,7536.65,Sunday
ORD02960,2023-08-08,4053.39,Sunday
ORD02266,,5346.41,Monday
ORD02522,2023-08-08,6475.17,Wednesday
ORD02480,2023-09-27,8218.67,Tuesday
ORD02389,2023-04-30,3217.69,Sunday
ORD00551,2023-12-02,8346.0,Thursday
ORD01636,2023-07-01,7414.78,Wednesday
ORD01313,2023-04-16,8043.72,Friday
ORD03326,,1251.95,Tuesday
ORD01758,2023-07-24,2672.3,Friday
ORD00357,2023-03-11,1686.23,
ORD02071,2023-02-13,3859.54,Sunday
ORD01786,2023-11-25,3220.87,Friday
ORD02570,2023-10-28,6870.28,Friday
ORD01782,2023-08-16,207.03,Monday
,,4891.8,Friday
ORD03172,2023-04-17,551.29,Thursday
ORD02850,2023-03-25,904.17,Thursday
ORD03252,2023-12-04,201.82,Wednesday
ORD03295,2023-09-07,7231.8,Sunday
ORD03978,2023-12-29,1589.68,Saturday
ORD02810,2023-01-21,5610.13,
,2023-07-15,2597.89,Friday
,2023-06-27,8034.31,Friday
ORD01632,2023-01-07,9232.1,Tuesday
ORD02817,2023-03-11,650.49,Monday
ORD01016,2023-05-07,2603.3,Saturday
ORD01349,2023-06-09,5872.99,Wednesday
ORD00516,,1355.56,
ORD03088,2023-07-22,8872.25,Saturday
ORD02840,2023-05-28,4889.65,Friday
ORD00336,2023-05-23,4820.7,Tuesday
ORD01783,2023-07-18,5526.64,Sunday
ORD02306,2023-06-03,1711.63,Monday
ORD00497,2023-05-22,6853.7,Sunday
ORD00896,2023-11-09,8205.53,Wednesday
ORD02208,2023-06-14,1251.95,Saturday
ORD03547,2023-11-10,3369.82,Wednesday
ORD00852,2023-01-21,7958.8,Friday
ORD01688,2023-03-23,6789.06,Wednesday
ORD01932,2023-03-10,6229.81,Sunday
ORD02738,2023-05-11,4200.0,Tuesday
ORD03747,,9749.44,Wednesday
ORD02428,2023-08-06,347.22,Thursday
ORD01569,2023-11-01,9391.44,Tuesday
ORD00957,2023-12-11,3369.82,Saturday
ORD02739,2023-12-07,3207.39,Monday
ORD03499,2023-06-10,6857.15,Monday
ORD01637,2023-06-27,6964.88,Friday
ORD01292,2023-04-27,6178.31,Friday
ORD03907,2023-07-15,8669.07,Thursday
ORD03649,2023-11-23,4249.08,Saturday
ORD01441,,598.46,Sunday
ORD01192,2023-10-16,6721.88,Monday
ORD03914,2023-03-22,6074.94,Monday
ORD01067,2023-06-01,2409.99,Monday
ORD03628,,4249.08,Sunday
ORD00285,,3447.04,Monday
ORD02445,2023-12-20,2257.12,Wednesday
ORD00012,2023-01-28,1622.46,Saturday
ORD01631,2023-02-12,5897.08,Tuesday
ORD03374,2023-06-18,5448.76,Tuesday
ORD03970,2023-03-27,6360.72,Thursday
ORD03325,2023-06-26,5533.84,Wednesday
ORD02547,2023-01-17,1204.77,Monday
ORD00754,2023-04-08,7846.02,Monday
ORD02083,2023-07-17,9414.71,Friday
ORD02775,2023-04-08,4020.41,Friday
ORD02897,,8278.04,Thursday
,2023-11-26,6604.6,Monday
ORD00776,2023-12-07,8346.0,Thursday
ORD02653,2023-01-05,4837.06,Wednesday
ORD03994,2023-01-02,8425.0,Tuesday
ORD03018,2023-01-22,6757.82,Monday
ORD01626,2023-04-22,9089.38,Saturday
ORD03070,2023-02-26,2466.76,Sunday
ORD00418,2023-03-07,7248.45,Wednesday
ORD00115,2023-11-26,1552.28,Monday
ORD00617,2023-04-08,8767.34,Sunday
ORD03975,,9465.11,Saturday
ORD03268,2023-05-05,2218.55,Friday
ORD00826,2023-06-16,1872.41,Thursday
ORD03573,2023-03-27,2482.64,Friday
ORD01650,2023-03-17,2761.1,Tuesday
ORD01517,2023-12-10,9956.13,Friday
ORD03147,2023-10-21,2399.02,Monday
ORD00413,2023-02-28,8201.97,Saturday
ORD03448,2023-05-18,4353.77,Friday
ORD03492,2023-04-09,3069.43,Monday
ORD00729,2023-07-11,168.09,Tuesday
ORD03349,2023-08-31,8290.29,Sunday
ORD03069,2023-11-15,4055.24,Saturday
ORD02809,2023-02-18,765.62,Friday
ORD00676,2023-02-01,9420.59,Thursday
ORD03466,2023-10-04,3611.2,Thursday
ORD01893,2023-01-20,8034.31,Saturday
,2023-06-03,9401.73,Thursday
ORD02968,2023-03-09,591.18,Friday
ORD02240,,9053.16,Friday
ORD02787,2023-08-02,8719.82,Saturday
ORD03761,2023-05-23,4353.77,Friday
ORD01123,,9232.1,Sunday
ORD01572,2023-08-01,6921.97,Monday
ORD00978,2023-03-20,1520.35,Tuesday
ORD01009,2023-08-02,3133.68,Sunday
ORD02144,2023-04-26,6074.94,Sunday
ORD01688,,9656.5,Thursday
ORD02711,2023-09-27,6350.62,Monday
ORD03262,2023-06-17,4639.33,Saturday
ORD03808,2023-02-27,9414.71,
ORD00037,2023-10-11,6033.06,Thursday
ORD03852,2023-01-26,5062.63,Monday
ORD03441,2023-03-07,3126.87,Friday
ORD03767,2023-09-05,9571.53,Saturday
ORD01549,2023-09-11,2842.99,
ORD02327,2023-02-13,3033.63,Saturday
ORD02265,2023-04-07,5924.69,
ORD02915,2023-02-11,1356.75,
ORD00873,2023-08-15,6757.82,Thursday
ORD01822,2023-09-19,3028.66,Friday
ORD01297,2023-06-16,1899.61,Thursday
ORD03953,2023-10-06,9033.89,
,2023-03-30,1690.73,
ORD00596,2023-06-27,1438.65,Wednesday
ORD01904,2023-07-16,7314.9,Monday
ORD00729,2023-11-03,3133.51,Wednesday
ORD01366,2023-09-24,7175.72,Monday
ORD00397,2023-09-25,163.15,Tuesday
ORD00699,2023-03-15,6360.72,Sunday
ORD03091,2023-01-08,141.46,Saturday
ORD02225,,907.83,Thursday
ORD01636,2023-06-13,6454.01,Tuesday
ORD00396,2023-03-26,9462.92,Tuesday
ORD02493,2023-03-13,6294.25,Saturday
ORD03305,2023-02-24,5848.39,Saturday
ORD03987,2023-02-16,8262.27,Monday
ORD00076,2023-08-26,7894.98,Wednesday
ORD00265,2023-04-14,3302.95,Friday
ORD02503,2023-07-29,3893.83,Monday
,,3981.73,Friday
ORD00718,2023-11-12,4249.91,Tuesday
ORD02783,2023-09-25,5550.26,Friday
ORD03456,2023-09-20,421.19,Wednesday
ORD03636,2023-12-02,2387.7,Monday
ORD00851,2023-12-31,1275.22,
ORD03578,2023-09-16,8484.18,Saturday
ORD01391,2023-10-10,2409.99,
ORD00144,2023-04-24,1441.05,Wednesday
ORD00885,2023-12-29,4891.8,Sunday
ORD03141,2023-02-09,689.91,Wednesday
ORD03171,2023-08-08,8218.67,Sunday
ORD00396,2023-05-09,2203.23,Monday
ORD03097,,8218.67,Saturday
ORD02996,2023-04-11,5185.71,Wednesday
ORD02939,2023-06-25,1646.39,
ORD01493,2023-04-17,6671.86,Sunday
ORD03556,2023-04-11,7958.8,Saturday
ORD03637,2023-09-17,2095.13,Thursday
ORD03223,,7248.45,Thursday
ORD01168,,201.82,Thursday
ORD02617,,3852.5,Friday
ORD01063,2023-02-01,1441.05,Wednesday
ORD02157,2023-05-17,6491.47,Monday
ORD03765,2023-01-12,8989.56,
ORD01066,2023-10-29,355.12,Monday
ORD01210,2023-01-16,8994.03,Friday
ORD02983,2023-05-09,3928.4,Monday
ORD02446,2023-03-04,4165.76,Sunday
ORD03295,2023-04-19,3153.84,Thursday
ORD00634,2023-01-21,5992.61,
ORD01157,2023-06-07,1005.08,Wednesday
ORD03235,2023-09-26,3465.72,Monday
ORD01239,,2965.45,Monday
ORD00733,2023-09-17,9338.73,Tuesday
ORD00235,2023-04-12,1403.7,Tuesday
ORD03915,2023-08-11,4087.12,Tuesday
ORD02706,2023-02-28,5526.64,Wednesday
ORD00751,2023-09-04,3859.54,Thursday
ORD02636,2023-05-08,718.07,Saturday
ORD03081,2023-10-10,5458.57,Thursday
ORD03146,2023-11-21,2180.06,
ORD00954,2023-01-25,4947.48,Thursday
ORD02540,2023-05-11,3979.91,Wednesday
ORD02961,2023-12-19,3189.43,Sunday
ORD03325,2023-07-15,4889.65,Sunday
ORD03302,2023-10-08,4254.31,Wednesday
ORD01543,2023-06-03,932.86,Tuesday
ORD01198,2023-05-13,9353.83,Monday
ORD01677,2023-08-15,1254.17,Friday
ORD01192,2023-07-08,6870.28,Friday
ORD02218,2023-09-22,2399.02,Saturday
ORD01417,2023-05-14,9638.45,Monday
ORD02994,2023-07-30,6874.71,Saturday
ORD02843,2023-03-01,8061.24,Tuesday
ORD02682,2023-12-30,6806.19,Saturday
ORD01218,2023-12-30,2953.03,Monday
ORD01541,2023-08-01,4258.11,
ORD02077,2023-08-04,864.16,Monday
ORD03237,2023-08-14,3465.72,Friday
ORD01446,2023-05-11,6870.28,Sunday
ORD02387,2023-03-17,5359.81,Tuesday
ORD03720,,8873.1,
,2023-10-04,7625.59,Wednesday
,,7314.9,
ORD01857,,4216.6,
,2023-08-06,3226.15,Saturday
ORD00500,2023-07-09,6049.03,Friday
ORD01681,2023-06-12,5359.81,Saturday
ORD00511,2023-06-29,1713.89,Saturday
ORD03399,2023-02-03,1652.45,Wednesday
ORD00217,2023-02-10,3523.48,Tuesday
ORD01325,2023-11-03,7036.05,Monday
,2023-12-04,8017.86,Thursday
ORD01828,2023-11-10,6749.92,Saturday
ORD03142,2023-03-16,6335.22,Thursday
ORD03324,2023-10-06,9349.61,Tuesday
ORD03487,2023-06-25,6615.21,Thursday
ORD01811,2023-05-30,9965.61,Saturday
ORD02493,2023-09-30,3386.52,Wednesday
ORD02924,2023-11-21,5228.97,Thursday
,,337.65,Tuesday
ORD02215,2023-05-19,2182.15,Tuesday
ORD00091,,7370.22,Sunday
ORD00714,2023-09-28,3992.16,Sunday
,2023-12-13,4170.86,Wednesday
ORD03603,2023-10-16,4596.42,Thursday
,2023-07-31,1622.46,Thursday
ORD03198,2023-09-29,2042.83,Sunday
ORD03523,,8280.77,Monday
,2023-09-05,5924.69,Friday
ORD00653,2023-06-05,8984.12,Tuesday
ORD00754,,7625.59,Monday
ORD01244,2023-07-20,4706.84,Tuesday
ORD03710,2023-05-28,9332.29,
ORD01082,2023-05-04,1807.99,
ORD01684,,9390.97,Monday
,2023-09-04,6598.46,
,2023-12-09,8805.37,Sunday
ORD00829,2023-05-08,3348.98,Sunday
ORD00895,2023-07-10,3573.11,Friday
ORD01385,2023-03-08,9101.6,Monday
ORD01959,2023-01-04,1418.78,Tuesday
ORD03073,2023-10-30,1671.49,Thursday
ORD02435,2023-10-21,1239.95,Tuesday
ORD01997,2023-05-23,6140.07,Saturday
ORD02396,2023-07-10,6817.15,Sunday
,2023-01-21,7624.05,Wednesday
,2023-08-15,794.07,Wednesday
ORD01215,,1320.51,Sunday
,2023-04-27,5813.46,Saturday
ORD03441,2023-10-29,3141.44,Wednesday
ORD03481,,1179.23,
ORD00824,2023-02-08,1792.27,Sunday
ORD00929,2023-12-21,488.77,Wednesday
ORD00934,2023-09-09,4037.08,Sunday
,2023-11-29,5106.4,Friday
ORD00134,2023-07-26,5717.17,Thursday
,2023-07-29,5722.95,Thursday
ORD03628,2023-04-25,5825.76,Tuesday
ORD00685,2023-08-13,4837.06,Saturday
ORD02720,2023-05-14,1698.43,Sunday
,2023-09-08,587.29,Monday
ORD01853,2023-08-07,7036.05,Tuesday
,2023-04-01,3465.72,Tuesday
ORD01173,,9033.89,Sunday
ORD00080,2023-02-15,5556.48,Sunday
ORD02934,2023-02-07,8484.18,Tuesday
ORD03285,2023-05-22,6071.19,Tuesday
ORD00203,2023-04-10,423.32,Thursday
ORD02812,2023-11-24,7273.52,Monday
ORD01253,2023-07-09,5346.41,
ORD01700,2023-02-04,6951.3,Tuesday
ORD01251,2023-05-27,6743.82,
ORD01683,2023-01-30,8857.41,Thursday
ORD01556,2023-11-30,5859.19,Tuesday
ORD03513,2023-03-25,9334.25,Wednesday
ORD03474,2023-10-08,6293.94,Tuesday
,2023-12-10,3319.59,Sunday
ORD01257,2023-09-27,9660.9,Saturday
ORD03377,2023-06-03,1292.43,Saturday
ORD01550,2023-04-12,6822.76,Tuesday
ORD01167,,1287.53,Friday
ORD03487,2023-05-30,4395.05,Wednesday
ORD03585,2023-03-24,9826.96,Monday
ORD01397,2023-04-20,5108.72,Tuesday
ORD03638,2023-10-02,5886.98,
ORD03958,2023-07-20,9192.14,Monday
ORD03331,2023-10-11,3197.9,Wednesday
ORD02704,2023-06-22,3189.43,Tuesday
,2023-11-23,3523.48,Friday
ORD03019,2023-07-25,4384.44,Thursday
ORD01036,2023-03-04,8380.78,Friday
ORD01354,2023-03-14,8809.55,Sunday
ORD02784,2023-09-08,8989.85,Friday
ORD02832,2023-05-04,7445.58,
ORD00968,2023-05-01,4170.86,Thursday
ORD00358,2023-10-02,2627.83,Sunday
ORD03020,2023-04-30,2882.39,Thursday
ORD03480,2023-11-13,6950.91,Saturday
ORD00668,2023-06-13,6487.66,Thursday
ORD00373,2023-10-13,9785.71,Tuesday
,2023-09-22,5665.67,Monday
ORD01146,2023-11-16,3440.8,Saturday
ORD01372,2023-06-10,9638.45,Saturday
ORD02724,2023-11-04,2324.11,Monday
ORD00090,,8380.78,
ORD03720,2023-05-22,8201.97,Saturday
ORD02746,2023-07-22,5868.87,Thursday
ORD03388,2023-11-05,1518.49,Friday
ORD03250,2023-08-15,8719.82,Wednesday
ORD00540,2023-11-30,5798.37,
ORD02780,2023-08-10,5012.77,Thursday
ORD00869,2023-02-10,8425.0,Sunday
ORD00041,2023-07-15,4200.0,Sunday
ORD00740,2023-03-09,8261.07,Friday
ORD03776,2023-09-21,1274.57,
ORD01947,2023-01-02,9712.31,
,2023-12-27,2481.26,Friday
ORD03007,2023-05-05,1853.11,
ORD03217,2023-04-20,4384.44,Saturday
ORD01225,2023-03-27,820.08,Tuesday
,,2728.41,Tuesday
ORD02037,2023-05-07,7682.0,
ORD03796,,5796.06,Saturday
ORD02509,,6450.89,Saturday
ORD02780,2023-01-16,9660.9,Monday
,2023-03-03,8205.53,Monday
ORD00925,2023-06-07,141.46,Wednesday
ORD02957,2023-09-25,1356.75,Wednesday
ORD01582,2023-02-04,1005.08,Wednesday
ORD03619,2023-09-24,1926.14,Wednesday
ORD03325,2023-03-05,663.13,Friday
ORD00390,2023-02-19,9969.8,Friday
ORD01618,2023-09-12,2451.04,Monday
ORD02931,2023-05-29,3978.25,Tuesday
ORD00256,2023-11-21,5701.24,Saturday
ORD00709,2023-10-31,8107.38,Sunday
ORD01839,2023-10-03,6954.31,Tuesday
ORD01945,,6755.28,Thursday
,2023-06-21,5074.03,Friday
,2023-07-20,1005.08,Wednesday
ORD02872,2023-11-20,227.68,Wednesday
ORD00798,2023-02-04,1549.72,Thursday
ORD03314,2023-08-04,1549.72,Tuesday
,2023-03-06,5614.7,Wednesday
ORD00877,2023-01-08,1124.0,Tuesday
,2023-10-28,6487.66,Saturday
ORD03191,2023-12-09,3004.2,Thursday
ORD01016,2023-11-28,6755.28,Sunday
ORD01825,2023-03-17,4023.49,Tuesday
ORD00374,2023-06-23,9837.32,Saturday
ORD03137,2023-02-16,1771.7,
,2023-01-15,7176.06,
ORD00224,,9660.9,Tuesday
ORD01263,2023-05-27,1014.37,
ORD02225,2023-01-26,5859.19,Tuesday
ORD01803,2023-11-04,4476.86,Wednesday
ORD00853,2023-04-03,2875.31,Monday
ORD03354,2023-08-20,1698.43,
,,3133.51,Friday
ORD01241,2023-11-03,6771.01,Tuesday
ORD03926,2023-02-07,489.98,Tuesday
ORD02875,2023-10-03,2284.45,Tuesday
ORD02843,,8844.41,Monday
,2023-06-28,8872.25,Saturday
ORD01485,2023-05-12,4012.04,
,2023-11-07,7001.92,Sunday
ORD02153,2023-12-14,5458.57,Sunday
ORD03171,2023-01-28,4086.77,Thursday
ORD00511,2023-09-17,3220.87,Wednesday
ORD00385,2023-03-17,4932.96,Monday
ORD00405,2023-03-08,3829.1,Saturday
ORD02871,2023-12-08,4947.48,Tuesday
ORD00518,2023-07-13,9583.66,Saturday
ORD00476,2023-06-11,3991.73,Monday
ORD02001,2023-12-13,5487.57,Monday
ORD02757,2023-12-27,4356.58,Monday
ORD03935,2023-09-14,3611.2,Thursday
,2023-03-13,1432.31,Friday
ORD01894,2023-03-28,6192.67,Wednesday
ORD02819,2023-09-19,9349.61,Thursday
ORD01461,2023-08-02,5012.77,Thursday
ORD03095,2023-06-02,6057.89,
ORD03045,2023-07-29,3447.04,Friday
ORD03637,2023-03-02,6763.61,Thursday
ORD02725,2023-09-25,1647.54,Monday
ORD00714,2023-09-19,1980.37,Monday
ORD03530,2023-08-06,9696.29,
ORD00083,2023-10-10,2541.92,Saturday
ORD01169,2023-05-16,6817.15,Tuesday
,2023-12-28,2409.99,Thursday
ORD03150,2023-04-03,6140.07,Tuesday
ORD02505,,5362.56,Wednesday
ORD01902,2023-08-29,1169.64,Sunday
ORD02049,2023-12-21,1589.68,Monday
ORD00051,2023-05-22,6445.56,Saturday
ORD00685,2023-10-18,4978.91,Wednesday
ORD00717,2023-08-25,8353.08,
ORD03844,2023-12-06,1286.92,Saturday
ORD01470,2023-11-08,1059.96,Sunday
ORD00449,2023-06-26,3133.68,Sunday
ORD00881,2023-05-21,9353.83,
ORD00488,2023-07-08,8222.83,Friday
ORD01824,2023-02-18,9775.07,
ORD02082,2023-10-29,9712.31,Monday
ORD03420,2023-07-09,9033.79,Wednesday
ORD02143,2023-05-16,8910.14,Friday
ORD03144,2023-02-12,4803.39,Sunday
ORD01575,2023-12-19,5074.03,Wednesday
ORD02202,,1703.04,Saturday
ORD00250,2023-10-22,423.32,Friday
ORD00674,2023-12-07,3133.68,Friday
ORD00438,2023-09-02,6757.82,Monday
ORD02166,,260.38,
ORD00771,2023-11-14,445.62,Tuesday
ORD03963,2023-04-16,8917.52,Saturday
ORD03378,2023-12-29,7604.6,Saturday
ORD00268,2023-11-06,337.07,
ORD01985,2023-08-21,7231.8,Friday
ORD01078,2023-09-22,1438.65,Friday
ORD00236,2023-12-10,7597.1,Monday
ORD00389,2023-02-06,514.96,Tuesday
,2023-11-01,3189.43,Saturday
ORD03806,2023-02-10,9410.99,Sunday
ORD00763,2023-01-17,2340.1,Thursday
ORD01849,,1286.92,Thursday
ORD02449,2023-10-04,1552.28,Tuesday
ORD00624,2023-11-03,4086.77,Wednesday
ORD02815,2023-02-28,3650.35,Monday
ORD03375,2023-07-02,5924.69,Tuesday
ORD02967,2023-02-10,498.83,
ORD03279,2023-02-08,4112.72,
ORD01253,2023-07-11,5793.1,Thursday
ORD02901,2023-09-24,1056.78,Friday
ORD03982,2023-05-27,9361.3,Thursday
ORD00578,2023-11-29,5701.92,Friday
ORD02123,2023-05-07,9349.61,Monday
ORD00435,2023-02-15,4978.91,Friday
ORD02151,2023-02-14,8628.04,Tuesday
ORD03494,2023-01-01,5514.6,Friday
ORD03776,2023-06-17,8630.48,Wednesday
ORD00764,2023-04-18,2265.27,
,2023-01-19,9660.9,Tuesday
,2023-11-28,8509.52,
ORD01330,2023-03-13,9295.71,Monday
ORD02146,2023-04-19,4190.41,Tuesday
,2023-09-25,3934.49,Wednesday
,2023-08-28,578.79,Monday
ORD01359,2023-10-28,4476.86,Thursday
ORD02907,2023-03-31,1292.43,Wednesday
ORD02483,2023-04-13,5812.12,Monday
ORD00447,2023-09-07,1711.63,Sunday
ORD02018,2023-01-08,4353.77,Friday
ORD01332,2023-06-02,6874.71,Tuesday
ORD00249,2023-12-13,4496.63,Monday
ORD00166,,4720.26,Tuesday
ORD03553,,6009.76,Friday
ORD03032,2023-06-07,536.25,Monday
ORD01359,2023-08-03,4155.76,Thursday
ORD01020,,1647.54,Sunday
ORD00542,2023-06-24,488.77,Sunday
ORD00759,2023-12-06,2043.31,Wednesday
ORD03178,2023-12-04,4132.92,Monday
ORD03635,,5793.1,Friday
ORD02129,2023-11-20,3595.72,Monday
ORD02181,2023-06-10,2290.26,Tuesday
ORD00797,2023-05-07,337.65,Saturday
ORD02948,2023-03-23,4331.92,
ORD00138,2023-05-27,8857.41,Monday
ORD02232,2023-08-27,3146.93,Sunday
ORD03473,2023-03-25,6671.86,Sunday
ORD01354,2023-04-23,1441.05,
ORD02833,2023-08-13,9767.95,Sunday
ORD03580,2023-11-28,622.38,Thursday
ORD01876,2023-08-31,765.62,Monday
ORD03032,,4837.43,Wednesday
ORD00069,2023-02-10,4483.7,Monday
ORD02594,2023-09-15,6492.68,Saturday
,2023-10-12,6140.07,Sunday
ORD02101,2023-04-15,4091.76,Tuesday
ORD01474,2023-07-21,514.96,Sunday
ORD00205,2023-11-03,6822.76,Monday
ORD02174,2023-11-27,3146.93,Thursday
ORD03819,2023-09-23,2257.12,Friday
ORD00043,2023-07-29,3645.58,Monday
ORD03824,2023-02-20,5189.54,Monday
ORD01907,2023-04-28,2965.45,Wednesday
ORD02159,2023-07-20,630.98,Thursday
ORD00761,2023-02-08,5448.94,Saturday
ORD03735,2023-01-28,3996.2,Friday
ORD03255,2023-09-16,4030.22,Sunday
ORD02896,2023-03-25,4873.11,Tuesday
ORD02143,2023-06-04,2597.89,Monday
ORD01995,2023-04-27,201.82,Saturday
ORD03446,2023-01-02,9079.72,Friday
ORD01936,2023-04-03,9410.99,Tuesday
ORD03592,2023-06-15,3458.48,Saturday
ORD00900,2023-12-16,582.08,Thursday
,2023-10-23,8276.73,Thursday
ORD02948,2023-09-15,5820.29,Friday
,2023-03-22,6373.74,Sunday
ORD00281,2023-09-25,5821.12,
ORD03267,2023-08-23,2282.83,Tuesday
ORD01888,2023-11-17,4030.22,Thursday
ORD03267,,3004.2,
ORD00667,2023-10-28,5050.58,Friday
ORD00093,,4486.03,Thursday
ORD00672,2023-08-01,5052.76,Thursday
ORD01970,2023-03-03,9012.61,Saturday
ORD00061,2023-02-18,8601.11,
ORD02682,2023-05-07,3302.95,Saturday
ORD03123,2023-08-11,9659.83,Thursday
ORD03475,2023-10-06,2340.1,
ORD03861,2023-10-21,893.05,Wednesday
ORD01029,2023-10-11,8290.29,
ORD01490,2023-10-04,7405.71,Saturday
ORD00604,2023-04-17,6294.25,Tuesday
,,7356.7,Friday
ORD03901,2023-04-09,6454.01,Friday
ORD02582,2023-03-14,5533.84,Sunday
,2023-05-02,3033.63,Tuesday
ORD02886,2023-01-30,4242.06,Tuesday
ORD03585,2023-07-07,1292.43,Tuesday
ORD02693,2023-12-30,9740.62,Sunday
ORD02281,2023-12-20,3028.66,Tuesday
ORD00524,,5745.84,Monday
ORD02394,2023-07-14,4474.15,Sunday
ORD03118,2023-06-05,8917.52,Friday
ORD02594,2023-06-21,8496.28,Monday
ORD01969,2023-12-01,6857.07,Sunday
,2023-02-10,6293.94,Thursday
ORD01754,2023-03-04,5550.26,Thursday
ORD01837,2023-01-23,4891.8,Friday
ORD03995,2023-12-26,9567.29,Thursday
,2023-03-16,650.49,Tuesday
ORD02842,2023-02-17,4190.41,Sunday
ORD02297,2023-06-09,6950.91,Monday
ORD02095,2023-11-09,9826.96,Tuesday
ORD01145,2023-04-28,5827.08,Thursday
ORD02262,2023-04-10,2169.69,Saturday
ORD02287,2023-06-16,4165.76,
ORD01080,2023-10-17,1459.27,Monday
ORD02398,2023-06-05,2670.74,Tuesday
ORD00107,2023-01-07,9618.77,Sunday
ORD02879,,7549.44,Friday
ORD00048,2023-02-25,7677.1,Tuesday
ORD03645,2023-11-17,6071.19,Saturday
ORD00337,,9476.9,Thursday
,2023-02-16,2182.15,Monday
ORD02852,2023-05-28,3613.49,Friday
ORD01281,2023-10-02,8362.26,Monday
ORD02056,2023-06-06,2340.1,Friday
ORD00625,2023-07-21,9139.11,
ORD01891,2023-05-06,9464.65,Sunday
ORD01277,2023-11-01,5798.37,Monday
ORD01716,2023-10-21,8034.31,Thursday
ORD02767,2023-03-05,6763.61,Sunday
ORD00303,2023-11-21,489.98,Sunday
ORD00639,2023-06-25,8407.89,
ORD00056,2023-04-26,1074.4,Friday
ORD00726,2023-07-23,6099.37,Wednesday
ORD00526,2023-11-17,8227.71,Monday
,2023-01-31,3380.39,Monday
ORD00028,2023-04-23,2478.96,Tuesday
ORD02126,2023-12-31,4837.06,Friday
,2023-11-21,6698.57,Saturday
ORD03458,2023-12-10,8191.32,Wednesday
ORD00365,2023-03-08,9902.08,Thursday
ORD02714,,7846.02,Tuesday
ORD00526,2023-02-14,7202.9,
ORD02747,2023-09-17,6817.15,Wednesday
ORD01336,2023-06-03,9271.99,Friday
ORD00883,2023-06-04,8043.72,Wednesday
ORD01031,2023-12-29,7548.74,
ORD01027,2023-08-22,787.0,Sunday
ORD01647,2023-02-20,8006.69,Monday
,2023-11-02,5606.29,Sunday
ORD02798,2023-09-19,6757.82,Monday
ORD02411,2023-11-11,8967.33,Tuesday
,2023-05-05,6809.46,
ORD01532,2023-09-02,1829.01,Friday
ORD03346,2023-01-30,4693.42,Friday
ORD03578,2023-05-02,7865.61,Wednesday
ORD02854,,8669.07,Tuesday
ORD02787,2023-02-06,6921.97,Friday
ORD01907,2023-06-19,6166.68,Saturday
ORD03087,2023-05-04,3934.02,Saturday
ORD01216,2023-12-23,1801.11,Sunday
ORD01655,2023-02-04,2533.89,Monday
ORD00485,2023-03-28,7536.65,Wednesday
ORD02076,2023-05-14,168.09,Thursday
ORD00714,2023-07-15,289.64,
ORD01063,2023-10-01,8792.53,Monday
ORD01977,,2888.0,Tuesday
ORD01297,2023-10-12,3564.38,Friday
ORD01255,2023-03-18,2670.74,Monday
ORD02134,2023-02-28,1711.63,Thursday
ORD03546,2023-05-06,881.5,Thursday
ORD00126,2023-04-19,2282.83,Saturday
ORD02860,2023-08-12,9122.26,Tuesday
ORD00537,2023-10-05,6684.05,Monday
ORD02193,2023-03-09,5798.37,Wednesday
ORD03597,2023-03-10,3029.73,Monday
ORD03284,2023-06-14,8697.25,Saturday
ORD02073,2023-11-01,9033.79,Sunday
,2023-06-11,3871.81,Thursday
ORD03466,2023-12-31,307.25,Tuesday
,2023-12-08,4369.22,Tuesday
ORD00233,2023-11-05,8332.03,Wednesday
ORD02157,2023-12-09,7894.98,Tuesday
ORD01170,2023-02-11,4454.57,Saturday
ORD02159,2023-12-20,1331.02,Saturday
ORD02276,2023-04-19,2927.7,Saturday
,,8155.86,Tuesday
ORD01494,2023-09-07,6671.86,Tuesday
ORD02082,2023-12-07,5074.03,Saturday
ORD00623,2023-01-21,6413.96,Tuesday
ORD03848,2023-10-27,7537.66,
ORD03441,2023-05-19,1438.65,Tuesday
ORD02796,,7958.8,
ORD02643,2023-11-20,3978.25,Thursday
ORD03626,2023-04-02,355.12,Monday
ORD02473,2023-10-07,2789.17,Friday
ORD02661,2023-05-05,4062.1,
ORD01542,2023-04-21,2180.06,
ORD02740,2023-12-20,6663.97,Tuesday
ORD01306,2023-05-19,1589.68,Friday
ORD03392,2023-09-30,1179.23,Sunday
ORD01762,2023-04-09,5614.7,Friday
ORD03515,2023-09-09,5049.59,Thursday
ORD01976,2023-12-04,9100.84,
ORD02363,2023-04-14,5810.89,Tuesday
ORD00877,2023-08-02,5821.12,Saturday
ORD01990,2023-09-06,5745.84,Friday
,2023-06-01,8346.0,Tuesday
ORD03449,2023-09-07,8599.21,Wednesday
ORD01313,2023-10-02,2779.38,Sunday
ORD01461,2023-06-14,3194.72,Saturday
ORD02710,2023-12-07,6532.9,Wednesday
ORD02325,2023-01-08,9583.66,Wednesday
ORD01734,2023-10-11,6806.19,Friday
ORD01606,2023-01-05,5818.55,Wednesday
ORD01527,2023-05-25,5868.87,Thursday
ORD02672,2023-04-11,884.87,Thursday
ORD02564,2023-06-13,3408.51,Friday
ORD03422,2023-05-27,7036.05,Tuesday
,2023-03-05,9101.6,Monday
ORD03518,2023-04-01,1926.14,Tuesday
ORD03902,2023-04-27,3465.72,Tuesday
,,6630.93,Tuesday
ORD01631,,8034.31,Tuesday
ORD03736,2023-11-06,6231.96,Saturday
ORD02871,2023-06-22,8120.59,Monday
,2023-02-16,6166.68,Saturday
ORD00759,2023-05-20,1549.72,Wednesday
ORD02947,2023-09-03,3369.82,Sunday
ORD00243,2023-05-29,693.44,Tuesday
ORD02591,2023-09-03,4230.21,Sunday
ORD01064,2023-01-05,9172.56,Thursday
ORD00229,2023-07-03,9896.1,Friday
ORD02596,2023-01-20,5897.32,Friday
ORD00920,2023-02-15,2320.75,Saturday
,2023-01-12,2342.56,Saturday
ORD00006,2023-03-11,4384.44,Thursday
ORD03394,2023-01-17,1549.72,Tuesday
,2023-05-27,5534.21,Sunday
ORD01756,2023-06-03,9902.08,
ORD00075,2023-10-31,8138.27,Sunday
ORD00004,2023-04-18,4706.84,Monday
,,8280.77,Wednesday
ORD00646,2023-11-04,1727.61,Friday
ORD00118,2023-12-18,4353.77,Wednesday
ORD02929,2023-03-11,9462.92,Monday
ORD01630,2023-07-02,4136.71,Saturday
ORD02552,2023-09-07,3458.48,Sunday
ORD02022,2023-08-16,1647.54,Friday
ORD00947,2023-04-12,8599.21,Wednesday
ORD02622,2023-03-16,5551.57,
ORD01465,2023-08-04,6745.58,Saturday
ORD00194,2023-07-22,904.17,Monday
ORD00847,2023-07-11,8043.72,
ORD02763,,5448.96,Wednesday
ORD01416,2023-08-30,3611.81,
ORD03098,2023-06-28,8165.24,Sunday
ORD01459,,5889.8,Tuesday
ORD02221,2023-03-23,3217.69,
,2023-04-02,8075.92,Saturday
ORD01669,2023-06-24,3141.44,Monday
ORD02374,2023-08-27,4013.07,Wednesday
ORD01434,2023-09-17,3861.79,Sunday
ORD01142,,8809.55,Tuesday
ORD02884,2023-06-12,5709.39,Tuesday
ORD01811,2023-02-17,7660.55,Monday
ORD00724,2023-11-25,2414.03,Thursday
ORD00225,2023-11-24,6817.15,Sunday
ORD00532,2023-04-26,2787.77,Sunday
ORD00113,2023-12-03,8011.66,Friday
ORD02188,2023-12-03,3440.8,Monday
ORD00559,2023-08-13,1817.61,Tuesday
ORD02049,2023-12-18,932.86,Tuesday
ORD02138,2023-11-24,9101.6,
ORD00654,2023-05-27,3523.48,Monday
,2023-03-04,307.25,Thursday
ORD01574,2023-10-21,9122.26,Friday
ORD01829,2023-11-19,9550.2,Wednesday
ORD01918,2023-11-21,8034.31,Monday
ORD00139,,6964.88,Friday
ORD03583,2023-07-08,4932.96,Sunday
ORD03940,2023-10-14,6290.77,Friday
ORD02893,2023-07-27,6795.97,
ORD02027,,904.17,Saturday
,,337.65,Tuesday
,2023-12-15,6033.66,
ORD00902,2023-08-02,3383.01,Wednesday
ORD00690,2023-06-20,9053.16,Monday
ORD02040,2023-11-19,1144.29,
ORD00010,2023-02-23,5459.61,Tuesday
,2023-10-25,7496.07,Saturday
ORD01943,2023-11-16,8509.52,
ORD01674,2023-05-06,5685.89,Saturday
ORD02220,2023-10-04,5534.21,
ORD02946,2023-07-23,9351.98,Tuesday
,2023-07-13,1717.33,Thursday
ORD01192,2023-06-18,8162.43,Friday
ORD03714,2023-06-01,2627.83,Monday
ORD01620,2023-02-04,860.35,Monday
ORD00321,2023-07-03,582.08,Monday
ORD01343,2023-10-13,1092.43,Tuesday
ORD01637,2023-02-26,6492.68,Sunday
ORD02377,2023-08-10,860.35,Thursday
ORD02833,2023-10-30,3133.68,Wednesday
ORD02825,2023-06-12,4864.65,Saturday
ORD01995,2023-01-19,1204.77,Tuesday
ORD02959,2023-09-21,4932.96,Sunday
ORD01944,2023-10-09,9700.26,Wednesday
ORD03622,2023-04-23,2399.02,Saturday
,,3465.72,Saturday
ORD03491,2023-01-30,5781.27,Thursday
ORD03678,2023-05-15,2482.64,Friday
ORD01119,2023-03-08,794.07,Monday
ORD03889,2023-03-06,6964.88,
ORD01605,2023-10-19,1485.88,Wednesday
ORD02366,2023-01-25,1623.61,Tuesday
ORD00236,2023-02-06,5165.9,Wednesday
ORD01970,2023-01-01,6522.78,Friday
ORD00334,2023-02-06,1792.27,Monday
,2023-05-21,6615.78,Wednesday
ORD00376,2023-08-20,898.09,Friday
ORD03531,2023-05-16,4976.1,Tuesday
ORD01161,,6064.25,Thursday
ORD02636,2023-05-08,2792.79,Sunday
ORD01571,2023-07-20,9904.29,Saturday
ORD02561,2023-05-07,9391.44,Tuesday
,2023-09-14,7682.0,Monday
ORD03392,2023-06-13,6491.47,Saturday
ORD02966,,1929.9,Sunday
,2023-07-13,7708.96,Tuesday
ORD01856,2023-07-10,5622.95,
ORD01373,2023-04-14,8677.59,Tuesday
ORD03912,2023-01-23,4013.07,Tuesday
ORD03851,2023-09-22,6763.61,
ORD00873,2023-10-17,4762.51,Tuesday
ORD01253,2023-09-17,5211.2,Saturday
ORD02318,2023-12-24,8340.4,Monday
ORD01852,2023-03-16,8792.53,Sunday
ORD02846,2023-12-21,4837.43,Friday
ORD01315,2023-03-13,1727.61,Wednesday
ORD00725,2023-09-16,898.09,
ORD03237,2023-07-07,6757.82,Thursday
ORD02053,2023-06-22,7416.76,
ORD02899,2023-10-17,6628.29,Sunday
ORD03451,2023-02-14,349.47,Wednesday
ORD00078,2023-03-02,1987.04,Wednesday
ORD03482,2023-03-24,8767.34,Thursday
ORD02622,2023-05-03,5361.4,Sunday
ORD00132,,299.36,Saturday
ORD00601,2023-01-16,6294.25,Monday
,2023-03-07,9700.26,Thursday
ORD01066,2023-05-25,969.1,Monday
ORD02137,2023-06-11,7855.53,Saturday
ORD02450,2023-08-22,1394.1,Wednesday
ORD02344,,9298.53,Monday
ORD01864,2023-12-24,5458.57,Saturday
,2023-07-07,7036.05,Saturday
ORD00616,2023-11-18,3893.83,Friday
ORD03598,,7537.66,Thursday
ORD02848,2023-07-03,8743.13,Friday
ORD03763,2023-04-21,8192.34,
ORD03709,2023-10-17,6099.37,Wednesday
ORD02470,2023-10-22,4596.42,Thursday
ORD01889,2023-08-03,4770.22,Wednesday
ORD01047,2023-04-30,6684.05,Friday
,2023-02-24,3992.16,Sunday
ORD02191,2023-01-27,3689.34,Saturday
ORD00993,2023-04-28,2687.2,Wednesday
ORD02713,2023-08-09,2147.5,Thursday
,2023-08-19,2182.15,
ORD01249,2023-02-22,1040.16,Thursday
ORD03055,2023-10-22,6711.89,Wednesday
ORD00503,2023-11-17,2560.54,Thursday
ORD01998,,1851.28,
ORD00821,2023-06-07,8250.4,Saturday
ORD03688,2023-09-26,606.39,Sunday
ORD02152,2023-01-21,3630.3,Saturday
ORD03111,,8353.08,Thursday
ORD01971,2023-10-02,9660.9,
ORD00198,2023-11-09,9344.12,
ORD01670,2023-10-08,5897.08,Wednesday
ORD02627,2023-08-02,5108.72,Friday
,2023-01-31,8520.69,Thursday
,2023-12-03,497.37,Thursday
ORD02602,2023-07-02,5458.57,Thursday
,2023-01-23,8253.17,Thursday
ORD03572,2023-02-01,445.62,Wednesday
ORD03087,2023-03-15,4720.26,Friday
ORD01647,2023-01-10,9464.65,Friday
ORD01693,2023-02-23,8601.11,Monday
ORD01313,2023-02-21,6771.01,Thursday
,2023-05-28,6797.19,Thursday
ORD00478,2023-06-09,2627.83,Monday
,,9390.97,Friday
ORD00923,2023-06-27,7341.81,
ORD00420,,8407.55,
ORD02205,2023-02-22,622.38,Tuesday
ORD02598,2023-12-01,8224.89,Saturday
ORD03513,2023-01-22,1792.27,Tuesday
ORD01121,2023-01-30,4889.65,Friday
,2023-07-10,2604.96,Sunday
ORD03045,2023-09-17,1622.46,Thursday
ORD03483,2023-07-24,9033.79,Tuesday
ORD00951,2023-02-28,9740.62,Wednesday
ORD02337,2023-09-21,1014.37,
ORD01278,2023-01-12,7008.54,Wednesday
ORD02244,2023-04-29,4170.86,Monday
ORD02646,2023-10-17,1765.22,Friday
,2023-12-04,5147.55,Friday
ORD03594,2023-09-05,421.19,Tuesday
ORD00517,2023-12-20,2282.83,Thursday
ORD01659,2023-05-07,443.26,Friday
ORD01866,2023-03-16,5722.95,Tuesday
ORD02913,2023-12-27,3447.04,Tuesday
ORD01142,2023-07-23,5988.99,Saturday
ORD02854,2023-02-18,3978.25,Saturday
ORD01933,2023-03-20,1274.57,Friday
ORD03231,2023-08-29,8808.05,Tuesday
ORD00815,,8967.33,Monday
ORD02276,2023-06-03,5820.29,Monday
ORD01901,2023-10-01,2284.45,Saturday
ORD02264,2023-04-06,2761.1,Friday
ORD02996,2023-08-02,498.83,
ORD03768,2023-10-21,5811.12,Thursday
ORD02063,2023-07-28,9353.83,Sunday
ORD03229,2023-12-09,7008.54,
ORD03720,2023-03-29,1771.7,Monday
ORD03333,2023-11-02,4395.05,Monday
ORD03229,2023-09-21,3335.27,
ORD02095,2023-11-21,1817.61,Saturday
ORD02372,2023-11-16,860.35,Saturday
ORD02892,2023-06-06,1044.07,Friday
ORD03757,2023-06-05,5543.7,Saturday
ORD00130,2023-05-19,9497.8,Wednesday
ORD03483,2023-05-01,6684.05,Sunday
ORD00095,2023-03-06,2792.79,
ORD02675,2023-04-17,5533.84,
ORD02803,2023-05-27,1973.04,Tuesday
ORD01956,2023-05-17,6604.6,Monday
,2023-06-11,6475.17,
,2023-04-10,1926.14,Wednesday
ORD01835,2023-12-04,8526.39,
ORD03355,2023-11-03,6532.9,Thursday
ORD02117,2023-05-21,9476.9,Wednesday
ORD01684,2023-03-24,7123.44,Friday
ORD00011,2023-06-26,9344.12,Thursday
,2023-07-17,8873.1,Thursday
ORD01866,,2831.63,
ORD02920,2023-02-25,8218.67,Saturday
,,2324.11,
,2023-07-05,7536.65,Wednesday
ORD00712,2023-08-06,9310.94,Friday
ORD02071,2023-11-12,6351.44,Monday
ORD00815,2023-08-05,8872.25,Sunday
ORD00346,2023-04-30,5796.06,Saturday
ORD02350,2023-06-24,1552.28,Wednesday
ORD00363,2023-01-23,8748.82,Monday
ORD02444,2023-08-01,8290.29,Wednesday
ORD02266,2023-08-23,6294.25,Saturday
ORD02189,2023-01-13,5065.03,Monday
,2023-04-11,8989.56,Saturday
ORD03006,2023-01-24,7050.86,Wednesday
ORD03282,2023-12-30,3217.69,Thursday
ORD00985,2023-01-11,2190.15,Sunday
ORD03041,2023-09-30,3207.39,Tuesday
ORD03695,2023-10-08,5591.4,Sunday
ORD01640,2023-04-04,7248.45,Thursday
ORD00828,2023-07-20,3336.72,Saturday
ORD02731,2023-01-21,6911.65,Sunday
ORD03532,2023-12-06,9885.37,Saturday
,2023-07-30,7982.81,Saturday
ORD00356,2023-05-20,445.62,Monday
ORD03056,2023-10-20,1122.32,Friday
ORD01348,2023-10-25,7548.74,Saturday
ORD03205,2023-04-11,4066.97,Sunday
ORD02936,,6964.88,Sunday
ORD03877,2023-12-25,7188.89,Sunday
ORD01864,2023-01-28,893.85,Thursday
ORD00127,2023-02-10,5781.27,Tuesday
ORD03178,2023-12-21,8191.32,Saturday
ORD03057,2023-10-30,7202.9,
ORD00604,,5154.65,Saturday
ORD03871,2023-09-13,2387.7,Saturday
ORD03450,2023-08-15,1934.24,
,2023-08-24,3889.56,Monday
ORD01014,2023-12-27,5781.27,Saturday
,,4230.21,Thursday
ORD03101,2023-07-29,1947.74,Wednesday
ORD03534,2023-08-17,6532.9,Friday
ORD03368,2023-04-10,9956.13,Sunday
ORD03369,2023-01-31,4633.5,Saturday
ORD03798,,2560.54,Monday
ORD02827,2023-05-17,1034.75,Thursday
ORD01431,2023-11-25,6743.82,Saturday
ORD01793,2023-06-15,2338.18,
ORD02862,2023-11-06,5764.02,Monday
ORD01637,2023-04-10,4873.11,Wednesday
ORD03477,2023-04-19,5591.4,Tuesday
,,4037.08,Saturday
ORD01646,2023-06-22,9965.61,Thursday
ORD02468,2023-08-25,6684.05,Monday
ORD01206,2023-06-11,3187.61,
ORD03031,2023-08-04,3978.25,Monday
,2023-09-21,6652.16,Saturday
ORD03073,2023-09-20,8697.25,Monday
ORD01855,2023-10-19,3004.2,Tuesday
ORD00567,2023-10-01,2338.18,Monday
ORD02419,2023-01-03,3618.85,Sunday
ORD00936,2023-01-28,2927.7,Friday
ORD01935,2023-11-22,3033.94,Sunday
ORD02709,2023-05-29,318.45,Friday
ORD03503,2023-01-28,4062.1,Monday
ORD03017,2023-11-06,4155.76,
ORD01333,2023-03-06,2340.1,
,2023-12-22,3645.58,Saturday
ORD00202,2023-01-21,4369.89,
,2023-09-09,6450.89,Friday
ORD02361,2023-08-23,5889.8,Thursday
ORD00117,,,Friday
ORD03738,2023-01-13,7995.39,Sunday
ORD00937,2023-11-09,1074.4,Monday
,2023-02-18,5886.98,Saturday
,2023-04-28,6870.28,Wednesday
ORD02292,2023-02-23,9293.44,Saturday
ORD00537,2023-05-18,5798.37,Saturday
ORD01626,2023-02-22,4143.71,Saturday
ORD02123,2023-02-13,3871.81,Thursday
,2023-10-30,6373.74,Tuesday
ORD00386,2023-02-22,7329.47,Sunday
ORD03975,,4030.22,Monday
ORD03282,2023-02-15,6001.21,Tuesday
ORD00475,2023-01-13,2660.06,Wednesday
ORD00418,2023-06-14,7376.75,Tuesday
ORD02395,2023-04-12,9172.56,Monday
ORD03601,2023-10-07,1829.01,Sunday
ORD02688,2023-09-15,4321.34,Sunday
ORD00939,2023-12-03,260.38,Monday
ORD00955,2023-12-22,582.08,Wednesday
ORD00876,,6789.06,Monday
ORD00763,2023-06-12,650.49,Wednesday
ORD01203,2023-04-21,6057.89,Wednesday
ORD01206,2023-04-12,1144.29,Monday
ORD00664,2023-01-17,7273.52,Friday
,2023-09-25,9497.8,Sunday
ORD01991,2023-07-01,2180.06,Wednesday
ORD01204,,4200.0,Monday
ORD00710,2023-01-29,7150.16,
ORD03573,2023-06-20,6629.11,Friday
ORD01880,,1418.78,Sunday
ORD01185,2023-07-07,8994.03,Wednesday
ORD02225,2023-12-12,5154.65,Sunday
,2023-08-18,7001.92,Friday
ORD00063,,3465.72,Sunday
ORD01003,2023-12-06,2728.41,Thursday
ORD00662,2023-04-29,8137.47,Saturday
ORD02714,2023-06-05,4476.86,Thursday
,,5997.23,Friday
ORD03954,2023-06-24,8253.87,Wednesday
ORD01493,2023-04-14,5897.08,Monday
ORD03121,2023-04-02,6743.82,Tuesday
ORD00967,2023-07-05,6528.85,Monday
ORD00849,2023-10-10,5868.87,Sunday
ORD01108,,536.25,Tuesday
ORD03433,2023-06-19,6853.7,Tuesday
ORD00689,2023-07-06,8873.1,Sunday
ORD00148,2023-06-24,2687.2,Sunday
ORD03702,2023-08-10,8227.71,Wednesday
ORD00342,2023-08-21,4136.71,Friday
ORD02524,,8984.12,
ORD01087,2023-05-14,3133.51,Monday
ORD01725,2023-08-12,9322.39,Friday
ORD01384,2023-06-02,3689.34,Thursday
,2023-02-02,7050.86,Wednesday
ORD00327,2023-02-24,3928.4,Wednesday
ORD01793,,1342.94,
ORD01760,2023-09-01,2583.7,Thursday
ORD03213,2023-11-09,1549.72,Monday
ORD00990,2023-05-06,2687.2,Saturday
ORD02263,2023-01-12,9293.44,Thursday
ORD02483,2023-01-16,5992.61,Monday
ORD03963,2023-07-27,9497.8,Tuesday
ORD00952,2023-02-12,9656.5,Sunday
,2023-05-15,5796.06,Wednesday
ORD03390,2023-08-16,8741.31,Monday
ORD02080,2023-04-21,6350.62,Friday
ORD02718,2023-11-03,864.16,
ORD02333,2023-06-09,8980.25,Sunday
ORD03377,2023-11-27,9012.61,Friday
ORD00429,2023-09-21,9351.98,Sunday
ORD01501,2023-08-13,260.38,Wednesday
ORD00286,,2102.71,Thursday
ORD03216,2023-02-14,1144.29,Saturday
ORD03496,2023-08-02,7248.45,Thursday
ORD03091,2023-02-28,511.63,Monday
ORD02066,2023-05-12,7817.22,
ORD00769,2023-04-14,9310.94,Thursday
ORD02638,2023-07-14,1622.46,Wednesday
,2023-06-06,9767.95,
ORD03247,2023-04-08,8966.07,Monday
ORD03058,2023-08-14,5591.84,Tuesday
ORD00194,2023-07-24,5992.61,Thursday
ORD02550,2023-03-20,938.41,Thursday
ORD00988,2023-05-04,9401.73,Saturday
ORD01137,,8290.29,Monday
,2023-01-04,4769.33,Friday
ORD03294,,1239.95,Thursday
ORD01702,2023-04-14,4976.1,Wednesday
ORD00947,2023-04-29,7313.7,Thursday
ORD00831,2023-05-13,7405.71,Saturday
ORD03716,2023-11-08,8630.48,Tuesday
ORD01921,2023-04-06,4596.42,Saturday
ORD03336,2023-11-27,6034.67,Thursday
ORD02973,2023-05-23,2888.0,
ORD00055,2023-10-15,7188.89,Friday
ORD03943,2023-01-28,1713.89,Sunday
ORD03715,2023-10-05,7335.62,Thursday
ORD00800,,5992.77,Monday
ORD00778,2023-01-17,5448.94,Thursday
ORD01482,2023-02-28,5988.99,Friday
ORD01902,2023-03-31,1973.04,Monday
ORD02210,2023-07-18,9784.38,Wednesday
ORD03452,2023-12-28,938.41,
ORD02135,2023-01-26,9926.56,Monday
,2023-01-25,904.17,Saturday
ORD03548,2023-10-28,6787.01,Tuesday
ORD01824,2023-12-05,3302.95,Saturday
ORD01202,2023-09-24,4166.81,Sunday
ORD03463,2023-06-30,6684.05,Monday
ORD03421,2023-12-26,6980.04,Wednesday
ORD03080,2023-03-09,7856.35,Thursday
ORD00833,2023-12-17,3840.61,
ORD00313,2023-11-17,578.79,Monday
ORD02807,2023-02-18,4023.49,Saturday
ORD01859,2023-06-24,5591.4,Monday
ORD02008,2023-02-21,489.98,Monday
,2023-04-12,8192.34,Monday
ORD02491,2023-08-04,6668.88,Wednesday
ORD01791,2023-07-07,8873.2,
ORD00328,2023-02-26,2882.39,Friday
ORD03126,2023-02-16,4770.22,Friday
ORD02809,2023-06-08,8967.33,Monday
ORD03311,2023-06-23,8076.57,Wednesday
,2023-08-30,9410.99,Wednesday
ORD02627,2023-10-09,9826.96,Sunday
ORD03123,2023-08-29,5365.53,Monday
ORD03681,2023-01-05,661.14,Saturday
ORD03676,2023-03-25,1467.44,Saturday
ORD03055,2023-11-04,4481.52,Tuesday
ORD01288,2023-12-27,9012.61,
ORD03490,2023-09-05,349.47,Monday
ORD03875,,4932.96,Tuesday
ORD02144,2023-06-10,1646.39,Saturday
ORD01112,2023-08-14,9100.84,Saturday
ORD03150,2023-01-15,5362.56,Monday
ORD01312,2023-08-12,2533.89,Tuesday
ORD03192,2023-03-02,5782.1,Tuesday
ORD02862,,5211.2,Monday
ORD02539,,5825.76,
ORD03984,2023-02-15,7176.06,Sunday
ORD00452,2023-10-21,2043.31,Tuesday
ORD01524,2023-03-03,5813.46,Sunday
ORD00165,2023-03-27,7123.44,Thursday
ORD00182,2023-07-29,7150.16,
ORD02517,,7840.72,Saturday
ORD00910,2023-07-21,3103.52,Friday
ORD02783,2023-10-29,4693.42,
ORD00823,2023-08-11,3336.72,Sunday
ORD00944,2023-08-10,693.44,Sunday
ORD02002,2023-01-03,6924.17,Sunday
ORD02055,2023-01-06,5872.99,Wednesday
ORD00330,2023-04-03,9714.39,
ORD00775,2023-01-08,664.57,Tuesday
ORD03745,2023-08-23,787.0,Tuesday
ORD02199,2023-04-18,2792.35,Wednesday
ORD03157,2023-06-10,2597.92,Tuesday
ORD00147,2023-07-28,864.16,Wednesday
ORD03696,2023-08-28,5872.99,Sunday
,2023-11-27,5050.58,Monday
ORD00915,2023-11-29,2282.42,
ORD01572,2023-02-19,6178.31,Thursday
ORD01309,2023-01-11,2597.89,Sunday
ORD02748,2023-12-17,443.26,Thursday
ORD00082,,4369.22,Saturday
ORD00514,2023-03-11,2387.7,Sunday
ORD01921,2023-06-18,3226.15,Friday
ORD02863,,6829.0,Tuesday
,2023-03-09,423.32,Friday
ORD01940,2023-12-21,1520.35,Monday
ORD03595,2023-09-09,9344.12,Thursday
ORD00746,2023-02-17,9338.73,
ORD03071,2023-07-03,5514.6,Sunday
ORD01410,2023-11-16,8873.1,
ORD00707,2023-07-06,597.41,Monday
ORD00471,2023-03-31,1938.76,Monday
ORD03191,,755.04,Tuesday
ORD00396,2023-05-19,2779.38,Monday
ORD01556,2023-12-23,6853.7,Sunday
ORD02309,2023-03-30,1927.86,Sunday
ORD00805,2023-10-01,1889.77,
ORD00934,,4321.34,
ORD01280,,3797.23,Thursday
ORD01758,2023-12-24,3310.86,Sunday
ORD00905,2023-06-03,4807.21,Friday
ORD03298,2023-09-17,7532.62,Thursday
ORD01077,2023-04-18,1144.29,Tuesday
ORD02988,2023-10-12,9465.11,Thursday
ORD01891,2023-02-28,7375.77,Wednesday
ORD01524,2023-05-05,8860.07,
,2023-12-20,9293.44,Friday
ORD02902,2023-09-30,4206.77,
ORD01388,2023-04-17,3348.98,Wednesday
ORD01304,,1287.53,Wednesday
,2023-09-02,5512.29,Saturday
ORD02762,2023-12-02,4006.27,Sunday
ORD03230,2023-09-04,207.03,Tuesday
ORD02680,2023-01-08,2345.05,Monday
ORD02107,2023-05-21,9656.5,Wednesday
ORD03799,2023-12-28,6522.78,Thursday
ORD00128,2023-01-08,334.71,Monday
ORD00736,2023-12-18,2875.31,Thursday
ORD02769,2023-04-04,6797.19,
ORD03954,,6057.89,Thursday
ORD03187,2023-02-08,6663.97,Monday
ORD03281,2023-03-22,7597.1,Monday
ORD02574,2023-07-06,3243.74,Sunday
ORD00521,2023-03-25,6532.9,Thursday
ORD02600,,6615.21,Tuesday
ORD00237,,1552.28,Sunday
ORD01305,2023-12-08,7660.55,Friday
ORD03431,2023-04-03,201.82,Saturday
ORD03273,2023-03-27,6822.76,Friday
,2023-02-13,794.07,Tuesday
ORD01302,2023-05-17,1134.1,Sunday
ORD03307,,100.3,Saturday
ORD02542,2023-02-05,3217.69,Sunday
ORD02052,2023-04-11,8601.11,Monday
ORD02714,2023-06-05,5154.65,Saturday
ORD00442,,6789.06,
ORD02077,2023-06-20,3564.38,Thursday
ORD03181,,3523.48,Friday
ORD02658,2023-06-19,7320.17,Saturday
ORD03799,2023-09-09,5665.67,Thursday
ORD00805,2023-12-26,4091.79,Sunday
ORD00075,2023-11-18,7176.06,Tuesday
ORD02886,2023-02-24,6857.07,Saturday
ORD03218,2023-04-01,4545.48,Thursday
ORD02176,2023-10-05,7356.7,Sunday
ORD03925,2023-04-11,4762.51,Sunday
ORD02090,2023-06-04,640.2,Sunday
ORD01380,2023-12-15,942.06,Tuesday
ORD00041,,168.09,Monday
ORD02982,2023-05-21,2888.0,Tuesday
ORD02082,,2619.37,Tuesday
ORD03089,2023-01-10,1418.5,
ORD01701,2023-08-16,8276.73,Friday
ORD03225,2023-09-22,3369.82,Sunday
ORD03046,2023-09-05,5154.65,Thursday
,2023-09-04,8520.69,Saturday
ORD00588,2023-06-04,8805.37,Friday
ORD01623,,689.91,Sunday
ORD03701,2023-05-09,9462.92,Wednesday
ORD03946,2023-06-09,2754.93,Tuesday
,2023-03-30,4091.79,Wednesday
ORD02075,2023-04-03,9660.9,Sunday
ORD03897,2023-11-23,8262.27,Friday
ORD03359,2023-08-29,5701.24,Thursday
ORD00646,,4596.42,Friday
ORD00731,2023-04-27,9472.89,
ORD00168,2023-04-04,3992.16,Thursday
ORD00610,2023-06-12,9391.44,Thursday
ORD02316,2023-04-09,207.03,Sunday
ORD01773,2023-04-23,1853.82,Monday
ORD02041,2023-12-25,7310.87,Sunday
ORD02869,2023-04-01,1853.82,Tuesday
ORD00455,2023-12-12,6954.31,Friday
ORD02954,2023-07-25,6743.82,Thursday
ORD01709,2023-01-17,1909.85,Sunday
ORD03473,2023-10-01,7416.76,Sunday
ORD02970,2023-06-22,8917.52,Friday
ORD03029,2023-04-26,1418.78,Friday
,,6528.85,
ORD00702,2023-06-30,6790.65,Thursday
ORD02682,2023-04-01,9740.62,Saturday
ORD03630,2023-03-23,9494.91,
ORD01600,2023-11-20,598.46,Wednesday
ORD00130,2023-04-24,7982.81,Tuesday
ORD03068,2023-09-14,907.83,Tuesday
ORD01846,2023-02-27,2603.3,Saturday
ORD01387,2023-06-03,9033.79,Monday
ORD03777,2023-12-31,8857.41,
ORD02867,2023-04-26,6293.94,Saturday
,2023-12-09,5682.54,Monday
ORD03364,2023-09-23,8967.33,Monday
ORD01395,2023-11-11,3907.65,Saturday
ORD00794,2023-07-22,1765.22,Tuesday
ORD00029,2023-02-10,2636.3,Wednesday
ORD00149,2023-04-15,3475.49,Tuesday
ORD03851,2023-07-12,2877.95,Sunday
ORD01320,2023-10-05,8155.86,Tuesday
,,3520.26,Tuesday
ORD03584,2023-08-25,4091.76,
ORD02724,2023-08-09,6980.04,Saturday
ORD01137,2023-03-09,6532.9,Saturday
ORD00187,2023-07-16,5049.59,Sunday
ORD02855,2023-09-13,8353.08,Sunday
ORD02792,2023-05-19,6745.58,
ORD01251,2023-11-08,3094.42,Saturday
ORD01334,2023-05-29,1005.08,Tuesday
ORD00098,2023-04-09,599.13,Wednesday
ORD00055,2023-03-17,3153.84,Monday
ORD02671,2023-10-09,8011.66,Friday
ORD02712,2023-04-19,2732.69,Monday
ORD00758,2023-07-07,881.5,Sunday
ORD00406,2023-07-18,3989.66,Sunday
ORD02117,2023-10-30,8285.9,Monday
ORD03384,2023-11-23,8526.39,Friday
ORD01313,2023-06-03,5773.12,Tuesday
ORD01786,2023-02-09,6630.93,Wednesday
ORD03620,2023-05-13,3564.38,Wednesday
ORD00751,2023-05-12,9391.44,Monday
ORD03220,2023-10-06,4476.13,Friday
ORD03539,2023-12-28,9510.27,
ORD01763,2023-03-25,5606.29,Sunday
,,6951.3,Thursday
ORD03563,2023-04-26,942.06,Tuesday
ORD03921,2023-04-19,714.16,
ORD03006,2023-08-09,1438.65,Monday
,2023-02-10,650.49,Wednesday
ORD00365,2023-05-27,6763.61,Sunday
ORD02027,2023-04-22,8137.47,
ORD00482,2023-04-13,951.72,
ORD02249,2023-02-15,8073.78,Saturday
ORD00154,2023-11-20,2687.2,Saturday
ORD03522,2023-09-28,1346.96,Friday
ORD01525,2023-07-14,2265.27,Friday
,2023-10-07,3645.58,Monday
,2023-10-10,3207.39,
,2023-02-09,337.07,Thursday
ORD01041,2023-07-08,4826.42,Wednesday
ORD01665,,6797.19,Monday
ORD01241,2023-01-24,3479.05,Thursday
ORD00061,2023-01-24,9033.79,Sunday
ORD00939,,8224.89,Friday
ORD01640,2023-11-19,1204.77,Saturday
,2023-10-17,904.17,Tuesday
ORD00025,2023-06-30,8873.2,
ORD01063,2023-09-05,6110.64,Sunday
ORD03875,2023-04-26,4522.47,Saturday
ORD00131,2023-10-06,5773.12,Wednesday
,2023-12-31,1851.28,Wednesday
,2023-03-10,4206.77,Saturday
ORD00108,2023-12-17,4249.91,Sunday
ORD00172,2023-09-11,8043.72,Saturday
ORD01459,,8844.41,Thursday
ORD03550,2023-11-14,8514.6,Monday
ORD00102,2023-06-18,8476.63,Friday
ORD02914,2023-11-09,4242.06,Thursday
ORD02572,2023-09-06,4112.72,Tuesday
ORD02323,,2597.92,Saturday
ORD01637,2023-02-23,2390.67,Tuesday
ORD03116,,4249.08,Tuesday
ORD02865,2023-12-23,9601.93,Thursday
ORD03005,2023-11-09,5074.03,Friday
ORD01041,2023-05-18,8520.69,Sunday
ORD00330,2023-06-17,2414.03,Wednesday
ORD03641,2023-04-13,4820.7,Monday
ORD03895,2023-03-26,6817.15,
ORD01521,2023-11-13,640.2,Wednesday
ORD03887,2023-07-31,2543.88,Friday
ORD00012,2023-01-03,932.86,
ORD01342,2023-06-28,881.5,Wednesday
,,3618.85,Saturday
ORD00216,2023-10-30,7982.81,Saturday
ORD00339,2023-11-28,354.33,Thursday
ORD01800,2023-02-07,4522.47,Tuesday
ORD02709,2023-08-27,4063.1,
ORD03153,2023-06-18,7840.72,Friday
ORD01751,2023-12-09,1275.22,Friday
ORD01509,,3611.81,Wednesday
ORD02422,2023-11-02,5185.71,Thursday
ORD03024,,693.44,Wednesday
ORD00710,2023-07-09,1909.85,Wednesday
,,8115.78,Friday
ORD03609,2023-01-25,9583.66,Wednesday
ORD02514,2023-04-22,8029.71,Tuesday
ORD01113,2023-07-25,711.9,Wednesday
ORD01292,2023-07-04,4437.97,
ORD03727,2023-02-16,1520.35,Tuesday
,2023-08-16,7123.44,Friday
ORD03994,,9310.94,Thursday
ORD00489,2023-01-16,5872.99,Saturday
ORD03949,,7688.62,
ORD01562,2023-08-01,7448.49,Tuesday
ORD00047,2023-11-06,3948.39,Thursday
ORD03360,2023-05-29,8192.34,Thursday
ORD00778,2023-08-29,3611.81,Tuesday
ORD01040,2023-09-29,5062.63,Friday
ORD00711,2023-02-28,2627.83,Monday
ORD00401,2023-10-14,9365.78,Thursday
ORD03991,2023-07-21,6787.01,Thursday
ORD01818,2023-02-01,2604.96,Friday
ORD03029,2023-06-11,5361.4,Friday
ORD03158,2023-09-12,1947.74,Wednesday
ORD00250,2023-09-11,1647.54,Friday
ORD00391,2023-01-09,1899.61,Thursday
ORD03854,2023-05-19,663.13,Tuesday
ORD00335,2023-01-10,8586.59,Monday
ORD00629,2023-08-02,6615.78,Sunday
ORD03591,2023-09-30,6033.66,Wednesday
ORD00137,2023-11-20,6663.97,Sunday
ORD02931,,8227.71,Tuesday
ORD02736,2023-04-21,5812.12,Monday
ORD03912,,3883.18,Monday
ORD01522,2023-05-03,3302.95,Monday
ORD00827,,4978.91,Saturday
ORD00727,2023-04-12,2619.37,Tuesday
ORD01501,2023-08-29,6807.7,
ORD02642,2023-11-17,8860.07,Wednesday
ORD03295,2023-07-10,5579.37,Wednesday
ORD00990,2023-08-05,926.9,Monday
ORD02420,2023-02-20,4249.91,Tuesday
ORD00935,2023-10-19,3197.9,Saturday
ORD03043,2023-03-22,8601.11,Monday
ORD00402,2023-03-29,100.3,Friday
ORD01467,,2162.32,
ORD03562,2023-04-14,3103.52,Sunday
ORD00615,2023-09-28,5012.77,Wednesday
ORD01297,2023-04-06,8914.8,Sunday
ORD03598,2023-07-17,1947.74,Thursday
ORD01183,,1851.28,Monday
ORD03224,2023-06-16,4125.25,Friday
ORD03043,2023-05-06,5897.08,Wednesday
ORD02668,2023-11-09,1947.74,Sunday
ORD02236,2023-03-22,6209.35,
ORD03885,2023-09-08,8332.03,Saturday
ORD01122,,9528.63,Tuesday
ORD00131,2023-03-14,7231.8,Wednesday
,2023-05-21,2882.39,
ORD01195,2023-03-11,7047.21,Sunday
ORD02984,2023-09-19,3355.34,Tuesday
,2023-12-06,9159.1,Sunday
ORD00183,2023-11-04,3829.1,Tuesday
ORD03031,2023-09-02,4190.41,Saturday
ORD00364,2023-01-03,6781.44,Saturday
ORD00039,2023-12-03,9391.44,Monday
,2023-03-04,1074.4,Monday
ORD03960,2023-02-18,8506.07,Wednesday
ORD02545,,9925.89,Saturday
ORD03588,2023-06-24,2345.05,Friday
ORD01373,2023-04-19,7372.62,Sunday
,2023-07-02,536.25,Sunday
ORD00921,2023-07-11,6620.75,Sunday
ORD03469,2023-03-06,3380.39,Wednesday
ORD02770,2023-12-03,601.16,Sunday
ORD03233,2023-09-28,4932.96,Thursday
ORD00016,2023-04-10,1034.75,Tuesday
ORD00493,,8201.97,Sunday
ORD01450,2023-12-18,5606.29,
ORD01132,2023-05-08,2541.92,Tuesday
ORD02942,2023-12-05,6656.91,Monday
ORD03522,2023-02-12,1432.31,Sunday
ORD00311,2023-03-19,5361.4,
,2023-11-10,9271.99,Friday
ORD03242,2023-10-16,1274.57,
ORD00546,2023-09-27,514.96,Saturday
ORD02462,2023-06-11,3383.01,Saturday
ORD00251,2023-07-08,2787.77,Monday
ORD00759,2023-09-04,9338.73,Thursday
ORD01805,2023-08-04,6743.82,Wednesday
ORD03213,2023-11-11,4884.61,Wednesday
ORD01298,2023-12-05,8407.89,Friday
ORD03488,2023-06-17,2888.0,Monday
ORD01632,2023-12-05,2916.96,Monday
,2023-07-12,3573.11,Thursday
ORD01915,,5764.02,Sunday
ORD03111,,3102.53,Wednesday
ORD00814,2023-01-13,3840.61,Sunday
ORD00029,2023-08-28,5062.63,Monday
ORD00958,2023-11-16,,Sunday
ORD02033,2023-05-27,4639.33,Saturday
ORD00477,,6049.03,Friday
ORD00318,2023-03-21,1394.1,Wednesday
ORD00245,2023-02-12,5907.58,Thursday
ORD00748,2023-03-30,5509.94,Friday
ORD00697,2023-05-28,8526.39,Tuesday
ORD00272,2023-04-05,3520.26,Saturday
ORD03512,2023-05-31,640.2,Thursday
ORD01772,2023-01-02,5531.03,
ORD01263,2023-01-22,3934.49,Friday
ORD02425,2023-11-09,7549.44,Monday
ORD00266,2023-11-24,5147.55,Tuesday
ORD02974,2023-01-07,5665.67,Thursday
,2023-07-25,3187.61,Monday
ORD03431,2023-04-24,5897.08,Saturday
ORD00340,2023-09-29,9033.89,
ORD00389,2023-03-24,1485.88,Tuesday
ORD02625,,4037.08,Wednesday
ORD03761,2023-07-29,398.03,
ORD02051,2023-11-24,2660.06,Monday
ORD03501,,1070.28,Friday
ORD01166,2023-04-23,714.16,Sunday
ORD00376,2023-01-12,7448.49,Thursday
ORD03742,2023-05-06,1703.04,Tuesday
,2023-02-22,663.13,Monday
ORD02372,2023-11-27,8191.32,Wednesday
ORD00146,2023-10-10,5997.23,Sunday
ORD01982,2023-05-20,3133.68,Thursday
,2023-04-07,7329.47,Thursday
ORD03737,2023-01-05,582.08,Monday
ORD00432,2023-02-26,1355.56,Wednesday
,2023-11-30,1727.61,Saturday
ORD02997,2023-03-10,2779.38,Sunday
,2023-04-28,8872.25,Saturday
ORD02633,2023-02-28,5362.56,Tuesday
ORD00399,2023-02-02,2672.3,Monday
ORD02865,2023-11-14,640.2,Sunday
ORD03961,2023-02-19,1014.37,Tuesday
ORD03416,2023-01-19,8365.98,
ORD00964,2023-08-02,6025.77,Saturday
ORD03212,2023-07-16,5362.56,
ORD02235,2023-02-16,6795.97,
ORD02042,2023-06-16,9295.71,Sunday
ORD01829,2023-10-16,9012.61,Thursday
ORD02109,,4481.52,Tuesday
ORD00939,,7604.6,
ORD03452,2023-07-01,7329.47,Wednesday
ORD00710,2023-03-20,9293.44,Friday
ORD00807,2023-08-03,7532.62,Saturday
ORD01464,2023-01-14,9550.2,Saturday
ORD03391,2023-08-03,6231.96,Wednesday
,2023-05-08,9916.17,Sunday
ORD03416,2023-11-06,6057.89,Sunday
ORD00011,2023-09-05,6924.17,Sunday
ORD01086,2023-01-29,9338.73,Tuesday
ORD01869,2023-10-07,1092.43,Monday
ORD02274,2023-12-04,4770.22,
ORD03225,2023-11-15,8844.41,Thursday
ORD03783,2023-07-21,9977.72,Friday
ORD02612,2023-12-27,4155.76,Monday
ORD00772,2023-02-26,4476.86,Monday
ORD01595,2023-08-06,5665.67,Wednesday
ORD01608,2023-03-03,2875.31,Tuesday
,2023-06-06,9159.1,Saturday
ORD03933,2023-07-21,4522.47,Saturday
ORD03647,2023-01-17,6684.05,Wednesday
ORD01334,2023-11-18,8628.04,Tuesday
ORD00885,2023-01-06,3146.93,Wednesday
,2023-02-27,1286.92,Saturday
ORD03565,2023-11-21,5365.53,Monday
ORD01390,2023-11-14,4947.48,Thursday
ORD03402,,3102.53,
,2023-03-23,8346.0,Sunday
,,8605.21,Tuesday
ORD00825,2023-06-26,4483.7,
ORD02266,2023-07-23,8120.59,Friday
ORD00937,2023-03-12,4356.58,Friday
,2023-09-23,1179.23,Monday
ORD02554,2023-04-08,2761.1,Wednesday
ORD02307,2023-12-11,1179.23,Wednesday
ORD01912,2023-10-18,2619.37,Saturday
ORD03846,2023-07-27,8476.63,Monday
ORD03589,2023-01-02,8138.27,Saturday
ORD01797,2023-05-04,5365.53,Saturday
ORD00054,,4166.81,Friday
,2023-03-15,9271.99,Saturday
ORD00727,2023-06-15,4013.07,
ORD02737,2023-01-22,207.03,Sunday
ORD01545,2023-06-03,6335.22,Saturday
ORD03171,2023-10-22,5108.72,Friday
ORD01044,2023-08-07,1853.82,Sunday
ORD01914,2023-06-06,5685.89,Wednesday
ORD01777,2023-08-18,5722.95,Tuesday
ORD01597,2023-01-20,8514.6,Thursday
ORD01915,2023-02-10,9350.89,Saturday
ORD03562,2023-05-28,1291.84,
ORD02467,2023-04-18,3420.18,Sunday
ORD02738,2023-03-25,591.18,Tuesday
ORD00850,2023-11-18,7523.61,Friday
ORD02110,2023-11-05,8520.69,Tuesday
ORD03217,,3410.57,Thursday
ORD02264,2023-11-19,3948.39,
ORD00003,2023-05-14,3069.43,Tuesday
ORD00160,2023-07-26,5294.88,
ORD03811,2023-10-10,5065.03,Sunday
,2023-09-23,3871.81,Tuesday
ORD03192,2023-03-14,5889.8,
ORD00893,2023-12-18,1711.63,Tuesday
ORD02031,2023-02-17,2162.32,Tuesday
ORD03161,2023-11-22,2481.26,Monday
ORD02377,2023-08-21,8303.66,Saturday
ORD00580,2023-04-10,4837.43,Friday
ORD01934,2023-02-28,6749.92,Thursday
ORD01381,2023-09-15,1765.96,Friday
ORD03682,2023-03-06,8326.4,Monday
,2023-03-24,498.83,Monday
ORD01641,2023-06-03,347.22,Sunday
ORD00952,2023-09-23,9122.26,Monday
,,2282.83,Saturday
ORD02683,2023-03-20,755.04,Monday
ORD00988,2023-11-11,1622.46,Tuesday
ORD03613,2023-05-30,7356.7,Friday
ORD03721,2023-02-17,5302.16,Wednesday
ORD01219,2023-09-05,9351.98,Thursday
ORD00921,2023-10-05,8205.53,Monday
ORD02786,2023-12-22,2095.13,Friday
ORD01356,2023-04-08,884.87,Sunday
ORD00170,2023-01-25,578.79,Monday
ORD00521,2023-10-11,3656.17,Saturday
ORD01487,2023-10-28,4976.1,Monday
ORD00040,2023-03-09,8630.48,Monday
ORD01561,2023-01-07,8073.76,
ORD03333,2023-11-01,8192.34,
ORD01419,2023-05-17,6454.01,Monday
ORD00955,2023-06-13,6350.62,Sunday
ORD03298,,7537.66,
ORD00984,2023-05-18,8103.22,Monday
ORD03196,2023-03-14,7548.74,Thursday
ORD00975,2023-08-25,5106.4,Friday
ORD00038,,2541.92,
ORD02376,2023-04-16,1291.84,
ORD01275,2023-10-15,9324.23,Saturday
ORD03973,2023-09-19,5992.77,Monday
ORD01200,2023-06-25,8362.26,Monday
ORD01626,2023-06-15,3133.51,Monday
,2023-05-25,4318.6,Monday
ORD00454,2023-11-26,7375.77,
ORD00037,,8509.52,Tuesday
ORD03388,2023-02-23,3133.51,Tuesday
,2023-06-27,804.44,Wednesday
ORD03021,2023-09-01,1179.23,Monday
ORD00796,2023-12-07,9660.9,Wednesday
,2023-05-07,8741.31,Thursday
,2023-09-28,1980.37,Wednesday
ORD01138,2023-05-12,9033.89,Friday
ORD03112,2023-04-03,7079.9,Tuesday
ORD01325,,2824.87,Tuesday
ORD02272,2023-09-05,5534.21,Monday
ORD00318,2023-12-14,3004.2,
ORD02397,2023-09-30,4474.15,Monday
ORD02163,2023-02-12,237.24,Thursday
ORD02746,,5302.16,Saturday
ORD01347,2023-06-19,8120.59,Thursday
,2023-07-31,9100.84,Friday
ORD03112,2023-06-17,7188.89,Monday
ORD01890,2023-02-08,6787.01,Monday
ORD02088,2023-09-02,3126.87,Thursday
ORD03931,2023-05-31,9916.17,Thursday
ORD01997,2023-04-21,3486.87,Thursday
ORD01773,2023-02-16,8262.27,Tuesday
,,7229.56,Wednesday
ORD01286,2023-08-13,9926.56,Wednesday
ORD00216,,6789.06,Monday
ORD03219,2023-03-10,3996.2,Tuesday
ORD02384,2023-10-26,511.63,Thursday
ORD03240,2023-10-17,8303.66,Monday
ORD02140,2023-10-23,4341.73,Tuesday
ORD02401,2023-07-22,5294.88,Friday
,2023-03-02,1713.89,Saturday
ORD03643,2023-11-14,1599.31,Tuesday
ORD02864,2023-11-10,7050.86,Sunday
ORD01705,2023-06-10,2042.83,Monday
ORD02829,2023-11-27,7356.7,
ORD00363,2023-01-16,2627.83,Wednesday
ORD02605,2023-12-04,755.04,Sunday
ORD03417,2023-04-04,7575.82,Thursday
ORD01717,2023-10-31,6373.74,Saturday
,2023-05-18,2282.83,
ORD00356,2023-12-04,163.15,Friday
ORD00191,,1485.88,
ORD03739,2023-05-07,2387.7,Saturday
ORD02470,2023-10-02,3103.52,
,,4332.12,Saturday
ORD02055,2023-11-15,8362.26,Tuesday
ORD02181,2023-03-18,8748.82,Monday
ORD03819,2023-06-23,545.47,
ORD00557,2023-12-24,3380.39,
ORD00826,2023-11-17,354.33,Monday
ORD02809,2023-04-01,7865.61,Saturday
ORD01055,,3033.94,Thursday
ORD02583,2023-09-21,2533.89,Monday
ORD00426,2023-06-28,489.98,Saturday
ORD03466,2023-07-28,3871.42,Monday
ORD02720,2023-03-14,9740.62,Thursday
ORD02411,2023-04-17,2792.35,Friday
ORD03509,,8250.4,Sunday
ORD03742,2023-10-22,9401.73,Saturday
ORD01575,2023-10-11,3029.73,Wednesday
ORD03999,2023-12-19,337.65,Wednesday
ORD02130,2023-07-01,9497.8,Saturday
,2023-02-06,8103.22,Tuesday
,2023-05-17,3226.15,Friday
ORD03790,2023-12-04,8285.9,Tuesday
ORD00589,2023-02-25,7416.76,Sunday
ORD02013,2023-07-06,9807.63,Wednesday
ORD01548,2023-12-07,3979.91,Thursday
ORD00295,2023-09-15,6656.91,Saturday
ORD01986,,5012.77,Sunday
ORD01248,2023-12-29,7370.22,
,2023-05-03,6789.06,
ORD03118,2023-07-07,881.5,Monday
ORD01691,2023-08-18,3069.43,Wednesday
,2023-06-17,9916.17,Friday
ORD01257,2023-04-24,8719.82,Wednesday
,2023-09-09,1059.96,Friday
ORD00360,,5745.84,Friday
ORD03295,,8222.83,Saturday
ORD02914,2023-12-01,4730.04,Friday
ORD00700,2023-04-02,7079.9,Tuesday
ORD00448,2023-01-18,3689.34,
ORD02904,2023-12-20,8380.78,Sunday
ORD02413,2023-03-04,264.27,Thursday
ORD00675,2023-05-30,1589.68,Wednesday
ORD01008,2023-05-19,2445.55,Thursday
ORD01350,2023-07-05,989.78,Sunday
ORD02515,2023-07-04,8137.47,Monday
ORD02462,2023-07-24,3711.74,Sunday
ORD03527,2023-09-17,7376.75,Wednesday
ORD00586,2023-08-02,8201.97,
,2023-09-13,8748.82,Thursday
ORD01248,2023-05-15,5701.24,Thursday
ORD00994,2023-03-02,2824.87,Saturday
ORD03903,2023-12-29,1134.1,Saturday
ORD01436,2023-11-06,9793.6,Sunday
ORD00572,2023-03-29,5872.99,Sunday
ORD02383,2023-11-20,5551.57,Monday
ORD01246,2023-07-26,9079.72,Friday
ORD02085,2023-05-09,5665.67,Wednesday
,2023-11-07,6293.94,Saturday
ORD00278,2023-01-03,4242.06,Wednesday
ORD01220,2023-08-30,8808.05,Monday
ORD02964,2023-05-01,4884.61,Saturday
ORD01888,2023-04-12,8332.03,Saturday
ORD00484,2023-02-07,5811.12,Friday
ORD01266,2023-12-07,6853.7,Wednesday
ORD03396,2023-05-13,2761.1,
ORD00731,2023-07-21,2015.01,Wednesday
ORD02240,2023-12-14,7445.58,Wednesday
ORD01041,,498.83,Friday
ORD02572,2023-08-30,9977.72,Saturday
ORD00918,2023-04-19,8326.4,Monday
ORD02449,2023-10-30,5859.19,Wednesday
ORD03978,2023-03-25,1909.85,Thursday
ORD00886,2023-03-24,5031.49,
ORD02753,2023-10-18,8218.67,
ORD00022,2023-03-10,1686.23,Friday
ORD00474,2023-05-09,4200.0,Tuesday
ORD03192,2023-07-15,5758.92,Monday
ORD02258,2023-05-20,1771.7,Thursday
ORD02354,2023-10-10,5992.77,Wednesday
ORD03342,2023-11-08,1270.36,Tuesday
ORD00704,2023-08-22,9660.9,Monday
ORD00687,,8674.41,Friday
ORD00285,2023-06-02,299.36,Tuesday
ORD00716,2023-10-04,2042.83,Saturday
ORD03748,,2732.69,Sunday
ORD00763,2023-11-15,9410.99,Tuesday
ORD01251,2023-02-21,2180.06,Sunday
ORD00948,2023-12-10,907.59,
ORD02429,2023-06-02,3440.8,Thursday
ORD02508,2023-08-25,6620.75,Monday
ORD01031,,5509.94,Thursday
ORD00029,2023-10-29,4080.07,Thursday
ORD00907,2023-02-01,7597.1,Wednesday
ORD03105,,3141.44,Friday
ORD03718,2023-12-18,4803.39,Tuesday
ORD02927,2023-02-05,2953.03,Monday
ORD02127,2023-04-20,1538.73,
,2023-06-26,5689.45,Saturday
ORD02995,2023-12-28,4555.58,Friday
ORD02507,2023-11-10,4013.07,Friday
ORD00570,2023-10-22,9601.93,Monday
ORD02007,2023-12-02,7840.72,Friday
ORD03610,,5897.32,Wednesday
ORD03554,2023-08-01,7202.9,Friday
ORD01454,2023-11-13,5701.24,
ORD00738,2023-05-17,9298.53,
ORD03357,2023-01-06,6083.16,Wednesday
ORD00516,2023-04-19,7594.78,Tuesday
ORD02001,2023-02-04,5689.45,Tuesday
ORD03171,2023-02-08,8980.25,Thursday
ORD02445,2023-05-30,578.79,
,2023-04-28,5982.99,Wednesday
ORD00039,2023-09-18,4720.26,Saturday
ORD03343,2023-03-28,1929.9,Tuesday
ORD00887,,8425.0,Friday
ORD02845,2023-11-09,4087.12,Monday
ORD02205,2023-08-02,7543.07,Monday
ORD01099,2023-10-12,6335.22,Sunday
ORD02932,2023-08-27,7543.07,
ORD01824,2023-06-14,8155.86,Wednesday
ORD03202,2023-03-28,4030.22,Saturday
ORD01711,2023-05-21,5827.08,Thursday
ORD00974,2023-06-09,4258.11,Friday
ORD03156,2023-02-15,4820.7,Wednesday
ORD03094,2023-04-22,2916.96,Sunday
ORD03531,,6009.76,Monday
ORD01563,2023-09-04,3220.87,Wednesday
ORD03779,2023-04-14,9683.96,Friday
ORD02897,,8301.54,Saturday
ORD03454,2023-05-14,3069.43,
ORD02796,,5458.57,Saturday
ORD03512,2023-01-18,4063.1,Tuesday
ORD03676,2023-04-04,9455.74,Friday
ORD00989,2023-05-30,8276.73,Sunday
ORD00021,2023-09-03,8989.85,Tuesday
ORD02351,2023-10-16,5988.99,Tuesday
ORD00869,2023-07-28,7329.47,Tuesday
ORD00084,2023-05-06,1459.27,Wednesday
ORD03846,2023-08-23,6911.65,Sunday
ORD01683,2023-05-02,6797.19,Monday
ORD01977,2023-05-18,4454.57,Saturday
ORD03525,2023-04-25,1355.56,
ORD01411,2023-06-11,4258.11,Wednesday
ORD01531,,8120.59,Monday
ORD03329,2023-08-22,9494.91,Saturday
ORD00570,2023-01-28,3859.54,
ORD03964,2023-01-11,6454.01,Sunday
,2023-07-25,8227.71,
,2023-06-16,1485.88,Sunday
,2023-09-04,8061.24,Friday
ORD01981,2023-02-16,9837.32,
ORD03235,2023-09-03,3889.56,Saturday
ORD01856,2023-05-07,1144.29,Saturday
ORD03057,2023-05-27,6749.92,Sunday
ORD00793,2023-04-28,9510.27,Saturday
ORD00792,2023-06-01,5591.4,Thursday
ORD03596,2023-03-13,8586.59,Friday
ORD01810,,6737.3,Wednesday
ORD01295,2023-05-17,2409.99,
ORD02540,2023-06-24,6822.76,Wednesday
ORD02256,2023-10-16,7405.71,Monday
ORD03611,2023-01-19,893.85,Wednesday
ORD01608,2023-07-14,5031.49,Tuesday
ORD01084,2023-11-26,9637.27,Saturday
ORD02478,2023-06-24,9033.79,Wednesday
ORD00985,2023-12-20,3069.43,Monday
ORD01681,2023-05-21,4249.91,Monday
ORD03677,2023-09-03,498.83,Tuesday
ORD03381,2023-04-03,7840.72,Monday
ORD00520,2023-08-27,2265.27,Sunday
ORD00591,2023-07-24,9683.96,Thursday
ORD01051,2023-02-17,2597.92,Sunday
ORD01710,2023-09-02,5185.71,Saturday
ORD03634,2023-11-16,4155.76,Saturday
,2023-11-13,3420.18,Saturday
ORD02247,2023-10-22,6671.86,Friday
ORD02435,2023-05-08,6947.39,Wednesday
ORD00349,2023-12-10,6598.46,Thursday
ORD00960,2023-10-09,5992.61,Wednesday
ORD01964,2023-01-17,8628.04,Thursday
,2023-03-12,622.38,Wednesday
ORD01560,,4891.8,Tuesday
ORD03900,2023-11-21,9232.1,
ORD00378,2023-10-09,2916.96,Sunday
ORD02947,,4331.92,Monday
ORD02964,2023-01-07,9414.71,Monday
ORD03630,2023-11-10,4356.58,Sunday
ORD00527,2023-11-01,8605.21,Tuesday
ORD03225,2023-04-13,1686.23,Thursday
ORD02782,2023-11-05,8989.56,Sunday
ORD02254,2023-07-12,6755.28,Friday
ORD02503,2023-08-29,3765.3,Thursday
ORD03345,2023-03-03,6049.03,Monday
ORD03966,2023-01-17,2950.66,Friday
ORD01260,2023-06-20,8980.25,Wednesday
ORD01876,2023-01-25,1239.95,Friday
,2023-09-08,1331.02,Thursday
ORD00521,,8792.53,Tuesday
ORD01702,2023-07-26,6806.64,Wednesday
ORD01017,2023-01-29,5606.29,Thursday
ORD03004,2023-04-27,5193.17,Wednesday
ORD03903,2023-10-09,5457.03,Friday
ORD02774,,488.77,Monday
ORD01014,2023-01-25,4086.77,Thursday
ORD02549,2023-11-06,7563.29,
ORD00117,2023-06-05,7188.89,Tuesday
ORD02434,2023-03-14,6822.76,
,2023-04-30,9351.98,
ORD00584,2023-11-08,8755.64,Sunday
ORD00395,2023-11-17,9349.61,Friday
ORD01088,2023-04-03,201.82,Thursday
ORD03789,2023-03-27,6598.46,Tuesday
ORD02769,2023-12-02,2420.81,Thursday
ORD00072,2023-12-30,9965.61,Friday
ORD03861,2023-04-28,5233.76,Thursday
ORD00274,2023-08-21,2225.49,Wednesday
ORD02014,2023-07-18,884.87,Friday
ORD01344,2023-07-25,5526.64,Thursday
ORD00338,2023-12-05,1418.5,Sunday
ORD01390,2023-05-27,3420.18,Monday
ORD03567,2023-09-28,3479.05,Thursday
ORD00607,2023-05-19,5281.67,Wednesday
ORD00166,2023-06-30,5448.96,Tuesday
ORD01568,2023-01-30,7677.1,Sunday
ORD02059,,2320.75,Tuesday
ORD01325,2023-08-20,794.07,
,2023-05-26,6057.89,Sunday
ORD02849,,3440.8,Tuesday
ORD02044,2023-07-13,2779.38,Monday
ORD00102,2023-08-12,7175.72,Wednesday
ORD03497,2023-05-16,5988.99,
ORD01416,2023-01-22,7376.75,Friday
ORD00779,,2842.99,Tuesday
ORD00214,2023-07-23,4055.24,Sunday
ORD03763,2023-08-27,4476.13,Wednesday
ORD01112,2023-07-04,5052.76,Thursday
ORD01577,2023-12-26,9455.74,Monday
ORD02449,2023-10-19,1275.22,Wednesday
ORD02636,2023-12-01,8966.07,Wednesday
ORD02937,2023-08-08,3934.02,Friday
ORD03118,2023-04-26,307.25,Wednesday
,2023-11-09,755.04,Friday
,2023-02-18,804.44,Monday
ORD00592,2023-06-22,3220.87,Monday
ORD01334,2023-03-23,7549.44,Thursday
ORD01110,2023-11-18,9271.99,Friday
ORD02140,2023-11-29,9807.63,Friday
ORD03732,,9749.44,Tuesday
ORD02721,,8253.87,Tuesday
ORD00714,2023-01-20,5106.4,Thursday
ORD00936,,3765.3,Monday
ORD01952,2023-05-03,2445.64,Saturday
ORD00242,2023-08-22,4356.58,Tuesday
ORD02044,2023-08-09,1118.14,Wednesday
ORD03937,2023-11-19,2672.3,Monday
ORD00002,2023-12-05,1807.99,Saturday
ORD02273,2023-01-03,5533.84,
ORD02849,,7448.49,Wednesday
ORD01769,2023-07-25,3907.65,Sunday
ORD01950,,755.04,Friday
ORD02637,2023-02-09,5793.1,Monday
ORD02164,2023-02-28,227.68,Sunday
ORD03738,2023-03-03,9712.31,Thursday
ORD00918,2023-05-12,3612.84,Friday
ORD03175,2023-03-01,443.26,Friday
ORD02242,2023-11-27,2414.03,Wednesday
ORD03238,2023-05-02,,Sunday
ORD02919,2023-04-17,601.16,Friday
,2023-04-06,5106.4,Tuesday
ORD01710,2023-12-13,5185.71,Monday
ORD02170,2023-08-23,7537.66,Tuesday
ORD00143,2023-03-03,1251.95,Wednesday
ORD03042,2023-09-13,1408.58,Saturday
ORD00106,2023-02-18,1938.76,
,2023-12-14,4166.81,Wednesday
ORD00428,2023-06-08,7995.39,Monday
ORD01329,2023-05-04,4864.65,Friday
ORD01896,2023-11-13,514.96,Sunday
ORD01995,2023-07-26,7982.81,Sunday
ORD00317,2023-02-17,938.41,Thursday
ORD01987,2023-05-16,1342.94,Wednesday
ORD00635,2023-07-20,2218.55,Monday
,,5359.81,Thursday
ORD02057,2023-11-10,8061.24,Friday
ORD02822,2023-12-23,8514.6,Saturday
ORD03145,2023-11-14,6651.6,Wednesday
ORD03431,2023-10-22,3948.39,Saturday
ORD02271,2023-11-10,607.81,Monday
ORD01440,2023-07-28,1059.96,Saturday
ORD00553,2023-12-21,8342.86,Saturday
ORD03442,2023-07-30,5874.2,Monday
ORD00716,2023-07-11,5717.17,Monday
ORD01288,2023-02-13,235.46,Wednesday
ORD03912,2023-01-29,2320.75,Saturday
ORD01714,2023-02-28,942.06,Thursday
,2023-03-12,8976.09,
ORD03390,2023-04-02,7604.6,Monday
ORD01108,2023-09-22,8250.4,Friday
ORD01342,2023-08-08,4020.41,Saturday
ORD00111,2023-08-03,3611.81,Monday
ORD00251,2023-10-04,598.46,Thursday
ORD02431,2023-03-05,1074.4,Sunday
,2023-12-12,5717.17,Wednesday
ORD00459,2023-10-19,8669.07,Saturday
ORD01108,2023-09-02,932.86,Sunday
ORD00208,2023-03-03,2481.26,Monday
ORD00900,,6628.29,Monday
ORD03462,2023-06-19,5551.57,Friday
ORD03386,2023-09-26,8218.67,Friday
ORD00022,2023-09-24,2672.3,Saturday
ORD00410,2023-02-23,6209.35,Sunday
ORD00895,2023-01-16,8509.52,
ORD00515,2023-01-08,1817.61,Sunday
ORD03199,,4384.44,Monday
ORD00809,2023-02-28,6628.29,
ORD03772,2023-11-09,2241.69,Saturday
ORD00874,2023-02-09,3948.39,Monday
ORD00014,2023-08-25,4947.48,Friday
ORD00971,2023-04-04,9324.23,Thursday
,2023-08-10,4762.51,Tuesday
ORD03062,2023-07-23,7548.74,
ORD03084,,4884.61,Tuesday
ORD02135,2023-10-27,7670.04,Monday
ORD03596,2023-07-26,3153.84,Sunday
ORD02957,2023-12-02,3989.66,Friday
ORD01561,2023-03-22,5622.95,Wednesday
ORD01325,2023-08-06,514.96,Wednesday
ORD01267,2023-01-02,8253.17,Tuesday
ORD02170,2023-06-27,1711.63,Thursday
,2023-12-12,8250.4,Tuesday
ORD03639,2023-10-06,168.09,Monday
ORD00750,2023-05-26,6074.94,Thursday
ORD03428,,1711.63,Wednesday
ORD00685,2023-08-12,6522.78,Sunday
ORD01928,2023-03-03,3674.64,Friday
ORD03805,2023-10-21,7670.04,
ORD03703,2023-08-27,582.08,Friday
ORD02357,2023-07-14,3996.2,Monday
ORD00695,2023-06-15,4454.57,Tuesday
,2023-08-10,6290.77,Monday
ORD00307,2023-03-02,4476.13,
ORD03884,2023-05-09,3907.65,Friday
ORD03666,2023-06-22,6034.67,
ORD01990,2023-06-05,6620.75,Wednesday
,2023-04-20,2390.67,Friday
ORD03795,2023-09-26,3237.73,Thursday
ORD00662,,8285.9,Sunday
ORD00549,2023-10-05,6853.7,
,2023-03-15,7625.59,Sunday
ORD00312,2023-07-26,9775.07,Saturday
ORD02921,2023-10-06,9807.63,Friday
ORD01083,2023-11-22,7231.8,Friday
ORD03715,2023-12-06,4074.47,Sunday
ORD02972,2023-12-23,4486.03,Saturday
ORD01738,2023-12-06,1781.88,Thursday
ORD00755,2023-07-23,5062.63,Tuesday
,2023-06-10,2761.1,
ORD00445,2023-01-28,1286.92,
ORD02141,2023-09-14,5049.59,Friday
ORD01983,2023-06-14,881.5,Sunday
,2023-03-04,8520.69,Monday
ORD00353,2023-01-22,6025.77,Friday
ORD00903,2023-03-11,2066.45,Monday
,2023-04-06,5762.76,Thursday
ORD03889,2023-06-12,8630.48,Friday
ORD02910,2023-03-20,3981.73,
ORD01749,2023-01-05,9660.9,Sunday
ORD00159,2023-11-12,3809.75,Thursday
ORD01978,2023-04-30,6711.89,Thursday
ORD00957,2023-10-29,5211.2,Tuesday
ORD02072,2023-06-27,354.33,Friday
ORD00404,2023-06-25,4332.12,Monday
ORD02853,2023-08-05,5701.92,Monday
ORD00516,2023-02-25,1394.1,Friday
ORD02780,,5701.24,Saturday
ORD01388,2023-07-06,989.78,Tuesday
ORD03454,2023-08-20,4481.52,Tuesday
ORD02580,2023-09-12,2320.75,Tuesday
ORD00956,2023-04-14,3036.46,Monday
ORD02200,2023-03-18,4496.63,Thursday
ORD03634,2023-08-18,5978.43,Sunday
ORD01713,2023-09-15,4803.39,Saturday
,2023-09-21,7273.52,
ORD00608,2023-11-27,7624.05,Tuesday
ORD03689,2023-07-01,2284.45,Monday
,2023-09-13,2597.89,Monday
ORD01274,2023-02-07,9351.98,
ORD03189,2023-06-25,2180.06,Thursday
ORD02914,2023-01-27,6745.58,
ORD01536,2023-10-03,334.71,Friday
ORD03812,2023-05-20,2190.15,Friday
ORD02626,,4476.13,Sunday
ORD02383,2023-10-14,9472.89,
ORD01442,2023-04-01,8506.07,Sunday
ORD02980,2023-03-02,7335.62,Tuesday
ORD01798,2023-12-31,2761.1,Sunday
ORD00295,2023-12-13,1148.16,Tuesday
ORD00755,2023-06-12,2282.83,Saturday
ORD01395,2023-12-17,8017.86,Sunday
ORD00186,,3829.1,Thursday
ORD01270,2023-09-10,3369.82,Tuesday
ORD00637,2023-09-26,299.36,Thursday
ORD01292,2023-10-18,1698.43,Monday
ORD03715,2023-07-06,9464.65,Tuesday
ORD03309,2023-10-31,6857.07,Monday
,2023-10-18,1711.63,Wednesday
ORD03624,2023-03-27,2257.12,Thursday
ORD02069,2023-06-15,2950.66,Wednesday
ORD02959,,337.65,Tuesday
ORD03809,2023-12-22,3573.11,Monday
ORD02915,2023-07-02,8353.08,Tuesday
ORD00794,2023-07-26,4249.91,Wednesday
,,8980.25,
ORD02148,2023-08-23,1899.61,
,2023-12-21,1040.16,Tuesday
ORD00478,2023-01-03,2882.39,Saturday
ORD01623,2023-07-27,8526.39,Friday
,2023-07-16,2904.52,Wednesday
ORD00940,2023-12-07,2190.15,Tuesday
ORD00526,2023-05-05,3889.56,Monday
ORD02382,2023-05-18,4322.35,Tuesday
ORD00002,2023-12-05,1144.29,
ORD00375,2023-01-25,1239.95,Monday
ORD02341,2023-03-09,7855.53,Friday
ORD02885,2023-03-02,4012.04,Tuesday
ORD03053,2023-01-29,7202.9,Sunday
ORD00553,2023-01-19,3992.16,
,2023-06-20,582.08,Sunday
ORD01526,2023-03-15,969.1,Friday
ORD01852,2023-03-02,6725.27,Wednesday
ORD00381,2023-06-02,8103.22,Monday
ORD01647,2023-10-03,8303.66,Sunday
ORD00014,2023-02-17,7231.8,Saturday
ORD00504,2023-07-30,8526.39,Wednesday
ORD02279,2023-12-09,2792.35,Monday
ORD02009,2023-05-19,6231.96,
ORD03156,2023-04-20,6351.44,
ORD00130,2023-07-02,5886.98,
ORD03815,2023-01-28,1929.9,Friday
ORD00838,2023-07-16,2478.96,Sunday
ORD03217,2023-07-10,7202.9,
ORD02939,2023-11-11,1370.43,Thursday
ORD03929,2023-02-20,1438.65,
ORD02041,2023-05-29,2685.51,Tuesday
ORD00028,2023-09-25,8191.32,Friday
ORD02114,2023-02-19,8290.29,Monday
ORD03235,2023-09-03,6790.65,Monday
ORD01253,2023-04-23,8425.0,Monday
ORD00261,2023-06-19,8719.82,Monday
ORD02047,2023-06-15,4239.63,Tuesday
ORD01473,2023-01-14,6656.91,Wednesday
ORD01448,2023-07-22,211.9,Saturday
ORD00460,2023-10-15,9700.26,Thursday
,2023-07-08,820.08,Tuesday
ORD00301,2023-06-04,9956.13,Monday
,2023-02-24,8857.41,Tuesday
ORD03375,2023-07-01,787.0,Friday
ORD02335,2023-07-29,2684.38,Saturday
,2023-03-16,9740.62,Monday
ORD03082,2023-10-04,5827.08,Thursday
ORD03779,2023-05-13,9172.56,Monday
ORD00630,2023-12-09,6373.74,Saturday
,2023-02-28,6656.91,Thursday
ORD02640,,8514.6,Saturday
,2023-07-01,6755.28,Thursday
ORD01629,2023-12-05,4212.89,Wednesday
ORD01802,2023-11-17,8323.17,Sunday
ORD02892,2023-03-05,7563.29,Wednesday
,2023-11-23,4837.43,Tuesday
ORD03433,2023-09-17,4087.12,Tuesday
ORD01281,2023-07-12,2342.56,
ORD02181,2023-05-23,3408.51,Thursday
ORD03348,2023-04-14,3011.27,
,2023-08-02,1792.27,
ORD01707,2023-08-30,3465.72,Monday
ORD03020,2023-07-28,3355.34,Sunday
ORD02561,2023-04-03,6598.46,Friday
ORD02361,2023-05-22,497.37,Friday
ORD00576,2023-04-22,6630.93,Monday
ORD02934,2023-02-28,8011.66,Monday
ORD02004,2023-02-12,8253.17,Wednesday
,2023-07-26,1890.83,Friday
ORD03193,2023-09-25,4200.0,Thursday
ORD03179,2023-10-23,3043.14,Saturday
ORD01957,2023-04-28,375.74,
ORD02735,2023-01-20,5886.98,Tuesday
ORD02021,2023-08-10,6795.97,
,2023-06-15,6755.28,
ORD02213,2023-05-11,6671.86,Saturday
ORD02353,2023-06-05,5591.84,Wednesday
ORD03569,2023-07-03,4087.12,Friday
ORD01656,2023-03-31,2533.89,
ORD01580,2023-04-04,4080.07,Sunday
ORD01848,,7036.05,Monday
,2023-11-18,4522.47,Sunday
ORD01391,2023-10-20,6749.92,Sunday
ORD01743,2023-08-18,1394.1,Friday
ORD01926,2023-11-18,689.91,Thursday
ORD00620,,3829.1,Wednesday
ORD01275,2023-01-26,1817.61,
ORD00957,2023-03-16,7559.37,
ORD01940,2023-12-30,1934.24,
ORD03954,2023-10-26,9310.94,Monday
ORD02382,,3895.63,Saturday
ORD03714,2023-05-28,884.87,Thursday
ORD00969,2023-01-08,1599.18,Saturday
ORD02559,2023-01-29,4837.06,Tuesday
ORD01317,2023-10-23,6615.21,Wednesday
ORD01044,2023-07-28,9351.98,Thursday
ORD00282,2023-05-08,4474.15,Thursday
ORD02845,2023-12-06,5185.71,
ORD03073,2023-04-26,6157.13,Saturday
ORD02167,2023-05-24,1623.61,Monday
,2023-11-14,1005.08,Tuesday
ORD00198,2023-08-23,6853.7,
ORD02533,2023-01-07,2043.31,
ORD03829,2023-02-14,9920.43,
ORD01083,2023-08-27,8805.37,Saturday
ORD02885,2023-06-04,3029.73,Thursday
ORD01185,2023-06-30,3222.1,Wednesday
ORD01009,2023-08-03,7341.71,Thursday
ORD02739,2023-03-29,4730.04,Friday
ORD01230,2023-09-13,1801.11,Wednesday
ORD01036,2023-03-14,714.16,
ORD00490,2023-06-28,8407.89,Wednesday
ORD00276,2023-07-31,1893.71,Thursday
ORD02741,2023-10-20,1781.88,Monday
ORD02290,2023-08-22,2882.39,
,2023-08-27,7496.07,Wednesday
ORD01275,2023-08-11,3220.87,Friday
ORD03883,2023-04-29,9965.61,Saturday
ORD00126,2023-11-09,6737.3,Monday
ORD00217,2023-09-21,7532.62,Monday
ORD03378,2023-07-26,6351.44,Monday
ORD03869,2023-04-05,4112.72,Wednesday
ORD01209,2023-08-10,6390.6,Monday
ORD03111,,4155.76,Thursday
ORD01247,2023-10-03,6064.25,Monday
ORD03256,2023-08-19,9497.8,Friday
ORD02543,2023-11-05,7414.78,
ORD02475,2023-04-29,1403.7,
ORD03250,2023-09-25,932.86,Tuesday
ORD00919,2023-09-30,2604.96,Friday
ORD03500,,8115.78,Wednesday
ORD01318,2023-10-25,9293.44,Monday
ORD03924,2023-12-16,8303.66,Monday
ORD02199,2023-01-11,3934.02,Thursday
ORD02432,2023-04-08,235.46,Saturday
ORD01662,2023-03-12,7824.11,Monday
ORD03885,2023-12-30,3190.68,Sunday
ORD00308,2023-02-27,6743.82,Friday
ORD01360,2023-10-17,8138.27,Wednesday
ORD01970,2023-09-08,6857.15,
ORD02794,2023-10-03,5361.4,Tuesday
ORD00892,2023-02-19,4807.21,Monday
ORD00375,,3711.74,Tuesday
ORD03080,2023-08-04,1872.41,Monday
ORD02034,2023-02-21,1286.92,Wednesday
ORD01365,2023-09-28,5551.57,Saturday
ORD00129,2023-03-25,2162.32,Friday
ORD01015,2023-10-20,9349.61,
,2023-05-06,9101.6,Wednesday
ORD02717,,7008.54,Tuesday
ORD03424,2023-03-13,1549.72,Monday
ORD01382,2023-10-23,5701.24,Tuesday
ORD00517,2023-08-24,4055.24,Friday
ORD01519,2023-02-25,8605.21,Sunday
ORD00086,2023-12-26,3948.39,
ORD01199,2023-04-20,423.32,Wednesday
,2023-07-11,2102.71,Tuesday
ORD03265,2023-04-03,3618.85,Tuesday
ORD02359,2023-12-16,2445.55,Friday
ORD01143,2023-02-25,9089.38,Sunday
ORD03290,2023-03-01,1342.94,Monday
ORD02475,2023-05-18,1403.7,Sunday
ORD01994,2023-02-08,2787.77,Tuesday
ORD03486,2023-01-28,630.98,Friday
,2023-02-18,6951.3,Monday
ORD03217,2023-05-05,3447.04,Sunday
ORD03610,2023-01-13,8437.44,
ORD03720,2023-02-05,6265.26,Sunday
,2023-04-11,8605.21,
ORD02792,2023-10-09,5359.81,Sunday
ORD03953,2023-03-27,2340.1,Saturday
ORD00588,2023-01-04,1059.96,Monday
ORD00987,2023-08-11,4321.34,Sunday
,2023-12-04,227.68,Saturday
,2023-06-15,2445.64,Wednesday
ORD00814,2023-12-10,1727.61,Friday
,2023-10-05,7660.55,Sunday
,2023-05-10,942.06,
ORD03073,,2043.31,Monday
ORD03219,2023-01-11,6806.19,
ORD01311,,9714.39,Saturday
ORD02000,2023-04-06,6064.25,Saturday
ORD01678,2023-07-09,5812.12,Wednesday
,2023-07-11,4006.27,
ORD01328,,6192.67,Thursday
ORD01093,2023-05-08,7604.6,Friday
ORD02409,2023-08-26,9618.77,
ORD03674,2023-12-21,8061.24,Thursday
ORD03292,2023-04-22,5369.69,Monday
ORD01010,2023-11-12,1040.16,Friday
ORD00704,2023-12-09,9172.56,
ORD00575,2023-05-25,4318.6,Wednesday
ORD01609,2023-03-06,4249.08,Monday
ORD03233,2023-09-04,3194.72,Friday
ORD03753,2023-08-11,423.32,
ORD01113,2023-11-09,3133.51,
ORD00688,2023-04-16,2203.23,Friday
ORD02829,2023-06-30,6828.37,Thursday
ORD02633,2023-07-03,9659.83,Monday
ORD03829,2023-08-14,7091.84,Wednesday
ORD02637,2023-09-22,323.39,Wednesday
ORD03231,2023-10-05,7523.61,Monday
ORD00489,2023-03-30,7341.81,Monday
ORD03019,2023-06-25,3094.42,Saturday
,2023-01-18,9925.89,Tuesday
ORD03682,2023-04-16,4216.6,
ORD03453,,4837.43,Thursday
ORD03174,2023-11-15,227.68,Monday
ORD00494,2023-06-16,1973.04,Monday
ORD01668,2023-01-13,8326.4,Tuesday
ORD01638,2023-12-03,1771.7,Tuesday
ORD00019,2023-02-01,3611.81,Friday
ORD03526,2023-02-09,7677.1,Sunday
ORD03554,2023-05-28,260.38,Wednesday
ORD03666,2023-08-06,1370.43,Thursday
ORD02445,2023-08-07,6857.07,Friday
ORD01001,2023-03-23,4112.72,Monday
ORD03351,2023-11-29,1599.18,
ORD00851,2023-07-27,6034.67,Tuesday
ORD01389,2023-07-20,7008.54,Saturday
ORD01355,,8514.6,Wednesday
ORD03713,2023-02-07,5992.77,Friday
ORD01368,2023-07-30,1355.56,Saturday
ORD00822,2023-11-23,3103.52,Wednesday
ORD00455,2023-09-06,8278.04,Sunday
,2023-08-15,9807.63,Sunday
ORD02773,2023-02-17,650.49,Saturday
ORD03727,2023-01-18,9391.44,Tuesday
ORD03137,2023-10-22,2586.58,Friday
,2023-07-15,5685.89,Friday
ORD00711,2023-07-06,8290.29,Sunday
ORD02191,2023-12-11,3642.33,Wednesday
,2023-08-12,938.41,Saturday
ORD03987,2023-11-14,4258.11,Tuesday
ORD02876,,4483.7,Monday
ORD02653,2023-12-03,8844.41,Friday
ORD01497,2023-08-17,2218.55,
ORD01441,2023-03-18,2953.03,Monday
ORD00305,2023-07-07,7682.0,Tuesday
ORD00736,2023-12-12,3861.79,Sunday
,2023-09-27,6698.57,
ORD02339,2023-04-05,207.03,Friday
ORD01964,,6337.92,Friday
ORD02150,2023-05-12,5982.99,Saturday
,2023-02-08,1807.99,
ORD03339,2023-03-13,6335.22,Monday
ORD02915,2023-10-08,2304.49,Sunday
ORD03016,,2660.06,Saturday
ORD03694,2023-06-09,6175.02,Thursday
ORD03022,2023-07-06,8605.21,Monday
ORD02890,2023-07-10,5709.39,Monday
ORD00962,2023-04-30,4038.16,Thursday
ORD02990,2023-08-08,3895.63,Tuesday
,2023-02-22,2387.7,
ORD01027,2023-08-10,1034.75,
ORD02133,,7817.22,Tuesday
ORD03866,2023-08-25,7660.55,Friday
ORD02376,2023-09-03,5921.12,Wednesday
ORD02864,2023-08-14,7175.72,Saturday
ORD01474,2023-07-27,7376.75,Wednesday
ORD02502,2023-04-06,4200.0,Friday
ORD01948,2023-07-19,4331.92,
ORD02677,2023-09-04,7536.65,Wednesday
,2023-03-13,718.07,Monday
,2023-11-14,6797.19,Monday
ORD00665,2023-07-04,2541.92,Thursday
ORD00012,,2391.6,Thursday
ORD01157,2023-07-25,8342.86,Friday
ORD00304,2023-02-01,7532.62,Friday
ORD03365,2023-04-09,8984.12,Sunday
ORD03023,2023-09-13,3871.81,Friday
,2023-07-06,6122.36,Monday
ORD01764,2023-03-17,4013.07,Wednesday
ORD02831,2023-06-26,2597.89,Saturday
ORD00043,2023-11-11,2203.23,Sunday
ORD00944,2023-10-14,598.46,Sunday
ORD02391,2023-12-15,1929.9,
ORD01350,,2779.38,Sunday
ORD03886,2023-11-21,5610.13,Friday
ORD02546,2023-07-09,3642.33,Friday
ORD02412,2023-11-04,6950.91,Monday
ORD00891,2023-12-11,3033.94,Saturday
ORD02475,2023-05-07,1711.63,Monday
ORD01005,,8073.76,Saturday
ORD00021,2023-09-11,2597.92,Monday
ORD00407,2023-08-01,2927.7,Wednesday
ORD02667,2023-09-07,5055.74,
ORD01015,2023-03-25,4086.77,Friday
ORD00336,2023-01-13,5701.92,Tuesday
ORD01839,2023-02-14,6745.58,Tuesday
ORD03189,2023-05-07,7708.96,
,2023-04-24,1286.92,Friday
ORD02447,2023-10-03,5848.39,Sunday
ORD02841,2023-07-24,1179.23,Friday
ORD01828,2023-12-03,498.83,Friday
,2023-09-30,8120.59,
,2023-02-27,5055.74,Friday
ORD03855,2023-11-24,9159.1,Sunday
,2023-08-07,6737.3,Saturday
ORD00789,2023-04-19,9874.63,
ORD00141,2023-10-06,5889.8,Wednesday
ORD00470,2023-06-23,6413.96,Tuesday
ORD00787,2023-11-24,2789.17,
ORD01826,2023-09-21,9349.61,Thursday
ORD01358,2023-11-11,8143.49,Tuesday
ORD01917,2023-04-21,8290.29,Tuesday
ORD00964,2023-07-06,8407.55,Sunday
ORD03056,2023-09-26,711.9,Monday
ORD00373,2023-08-17,260.38,Friday
ORD03636,2023-06-05,9550.2,Friday
ORD02542,2023-07-08,591.18,Friday
ORD03611,2023-09-29,1549.72,Monday
ORD01693,2023-01-02,7982.81,Sunday
ORD02799,2023-09-03,7995.39,
ORD01180,2023-07-29,8910.14,Wednesday
ORD02339,2023-10-13,1346.96,Wednesday
ORD01672,2023-12-25,6947.39,Sunday
ORD03216,2023-01-13,5889.8,Thursday
ORD00106,2023-04-06,5610.13,Wednesday
ORD01444,2023-08-09,4820.7,Sunday
ORD02718,2023-08-26,7341.71,
,2023-04-04,5818.55,Wednesday
ORD00002,2023-12-04,8763.82,Friday
ORD02637,2023-09-26,6099.37,Saturday
ORD02692,2023-06-20,8253.17,Sunday
ORD02138,2023-04-04,3355.34,Tuesday
ORD03417,2023-05-29,5796.06,Wednesday
ORD00350,2023-04-22,9310.94,Wednesday
ORD03531,2023-02-24,6745.58,Monday
ORD01287,2023-12-03,1623.61,Thursday
ORD03423,2023-04-26,4062.1,Saturday
ORD03180,2023-05-23,932.86,
,,9420.59,Monday
ORD01063,2023-06-29,4132.92,Friday
